sounds,Value,Elo,RW,Best,Worst,Unchosen,BestWorst,ABW,David,ValueLogit,RWLogit,BestWorstLogit
n_Vc-pont-C4-mf-2c.wav,0.4491915165036209,-184.2738382110851,0.43478136927779604,1,2,5,-18.25,-0.25131442828090605,-5700,-0.2039378319746149,-0.2623693079464262,-18.25
n_PFL_FLatter_f_C6.wav,0.32153058690160446,-384.8423706499231,0.2916263298809161,0,5,3,-93.25,-1.466337068793427,-12700,-0.7467467208195908,-0.8874984465451424,-93.25
n_Cb-pizz_lv-C3-pp.wav,0.6098922405262373,284.144910334368,0.6337437544320043,4,1,3,56.75,0.7884573603642703,9700,0.4468592793859196,0.5483114869859329,56.75
n_Cb-pizz_lv-C2-mf.wav,0.7529156514880772,772.3259421512525,0.8228614252384736,7,0,1,131.75,2.70805020110221,19400,1.1142234346254878,1.5358554743857118,131.75
n_Tbn-flatt-C5-ff.wav,0.4241334789194323,-179.83526343667066,0.41276453658607065,1,3,4,-37.0,-0.5108256237659907,-5900,-0.3058276851439195,-0.352548568529989,-37.0
n_MA_ES_A-Ha_f_C7.wav,0.3832864566195529,-320.54608752902584,0.3553055556149874,1,4,3,-55.75,-0.7884573603642702,-10800,-0.4756220046757014,-0.5957983356042459,-55.75
n_MA_ES_A-So_f_C3.wav,0.6177211067681218,292.54235612346395,0.6441985596026322,3,0,5,56.75,0.7884573603642703,9500,0.47988664283473753,0.5936341773892093,56.75
n_Vn-pizz_lv-C6-ff.wav,0.37429955637929624,-340.3300933569787,0.3343598473729686,0,3,5,-55.75,-0.7884573603642702,-10500,-0.513815302294351,-0.6885314127930763,-55.75
n_TpC-brassy-C5-ff.wav,0.23601652596523798,-740.796104786549,0.16339197376471934,0,7,1,-130.75,-2.70805020110221,-23000,-1.174644330237631,-1.6332035917839152,-130.75
n_Fl-ord-C5-ff.wav,0.6261757606561504,336.0829651305512,0.669059171197117,3,0,5,56.75,0.7884573603642703,10500,0.5158453608377623,0.7039329089966394,56.75
n_Ob-mul-C6+_D#5+_A#4-f.wav,0.3454156897663387,-411.49818938449204,0.31677540115127467,0,4,4,-74.5,-1.0986122886681098,-12700,-0.6392518037029361,-0.7686306381223829,-74.5
n_TpC-ord-C6-pp.wav,0.3565678858540606,-297.61396825505665,0.33504967631174565,0,4,4,-74.5,-1.0986122886681098,-10300,-0.5902918818693084,-0.6854335283155985,-74.5
n_TpC-ord-C5-pp.wav,0.48982242033323636,-42.54933084910376,0.4780240923879045,1,1,6,0.5,0.0,-1200,-0.04071594260142032,-0.08796029911124395,0.5
n_Fl-flatt-C4-pp.wav,0.5318024029264754,25.99406995421198,0.5366933036617293,2,1,5,19.25,0.25131442828090617,2300,0.12738157449784107,0.14703755634433804,19.25
n_MA_ES_A-Ha_p_C5.wav,0.5974126059210846,138.6184050920601,0.6055784884312108,3,0,5,56.75,0.7884573603642703,5700,0.394695805430766,0.4287640166495184,56.75
n_Cb-pizz_lv-C4-pp.wav,0.5894129300337527,152.89678447575696,0.5932944340946711,4,1,3,56.75,0.7884573603642703,6100,0.3615389941787724,0.3776012936040212,56.75
n_Cb-pizz_bartok-C3-ff.wav,0.47180543311928613,-48.886261166968275,0.47444596107708403,2,3,3,-18.25,-0.25131442828090605,-2300,-0.11289803107497333,-0.1023052928443121,-18.25
n_Hp-ord-C2-ff.wav,0.5926897775917357,136.13492404322756,0.5981396306402236,4,1,3,56.75,0.7884573603642703,6000,0.37509600913526653,0.3977195343670643,56.75
n_Xyl_HO_p_C7.wav,0.31552717215982623,-459.83934852697513,0.28795695980643915,0,5,3,-93.25,-1.466337068793427,-15900,-0.7744041451858359,-0.9053273354436421,-93.25
n_Hn-ord-C3-pp.wav,0.5855359205483555,201.38712650225608,0.6086803029601855,2,0,6,38.0,0.5108256237659907,7000,0.34554122049423097,0.44176831039658215,38.0
n_Va-nonvib-C5-pp.wav,0.4179681296460563,-230.23922568316058,0.3975040058194528,1,3,4,-37.0,-0.5108256237659907,-6900,-0.33112002153840847,-0.4158760051028923,-37.0
n_Cb-nonvib-C5-pp.wav,0.46131739325192667,-77.5631324010766,0.4531771700397302,1,2,5,-18.25,-0.25131442828090605,-3300,-0.15504024699740562,-0.18784170305492498,-18.25
n_Hn-ord-C5-pp.wav,0.5789755479989452,196.27522961265842,0.5968260052739475,2,0,6,38.0,0.5108256237659907,5700,0.3185693324875357,0.3922574049909851,38.0
n_Fl-ord-C7-mf.wav,0.3157400306215038,-516.4373728548783,0.2888828359448415,1,6,1,-93.25,-1.466337068793427,-18800,-0.7734187305173297,-0.9008160099726624,-93.25
n_Xyl_HO_f_C8.wav,0.2730574973801816,-565.2271419377761,0.22746807363283963,0,6,2,-112.0,-1.9459101490553135,-18700,-0.9791649997265468,-1.222663443685318,-112.0
n_Va-nonvib-C5-ff.wav,0.501490164788872,-1.3676479191860853,0.5057430755496324,1,1,6,0.5,0.0,400,0.005960676803830916,0.022973312536549884,0.5
n_Bn-mul-C#3_C3_C2_C#4-mf.wav,0.2858091393505092,-523.8873983944185,0.2382596392213651,0,6,2,-112.0,-1.9459101490553135,-16400,-0.9158259953343428,-1.162244763589716,-112.0
n_Tbn-pedal_tone-C1-f.wav,0.5822166049665899,188.52190389781353,0.6025966204157078,2,0,6,38.0,0.5108256237659907,6300,0.33187944745815495,0.416296184022949,38.0
n_Ob-flatt-C6-mf.wav,0.45823037293936236,-135.4635565526633,0.44927285929881766,1,2,5,-18.25,-0.25131442828090605,-3200,-0.1674688134225549,-0.20360907144195617,-18.25
n_BKL_stac_mf1_C4.wav,0.613580080747604,296.59477364861493,0.6346218044551256,4,1,3,56.75,0.7884573603642703,10100,0.4623861347285793,0.5520962686020473,56.75
n_Vn-ord-C7-pp.wav,0.2884668812894287,-474.4023492294061,0.2467913908831218,0,6,2,-112.0,-1.9459101490553135,-13700,-0.9028416810427995,-1.1157988183186622,-112.0
n_Vn-pizz_lv-C7-pp.wav,0.36461471864032197,-306.20251016349926,0.3490816148615921,1,5,2,-74.5,-1.0986122886681098,-11200,-0.555390326485677,-0.6230785175637249,-74.5
n_BKL-L_pA_sus_pp_C2.wav,0.727227990051674,710.4861676694429,0.7800945673024279,6,0,2,113.0,1.9459101490553132,19500,0.9806037144160508,1.2662175499008608,113.0
n_ClBb-flatt-C6-ff.wav,0.42364653969652993,-186.56149384544784,0.41052751176345237,1,3,4,-37.0,-0.5108256237659907,-6900,-0.3078216440764352,-0.36178510245331197,-37.0
n_ASax-ord-C4-ff.wav,0.5315303631278454,-1.6513614081489614,0.528429984288527,1,0,7,19.25,0.25131442828090617,1600,0.12628903304929642,0.11384272974885529,19.25
n_MA_ES_A-So_f_C5.wav,0.5666635001122005,65.4307534334514,0.5772276082715114,2,0,6,38.0,0.5108256237659907,3700,0.2682510911350885,0.311402703925444,38.0
n_Hn-ord-C4-pp.wav,0.7237078534515191,628.9696683753596,0.777144560256049,6,0,2,113.0,1.9459101490553132,18300,0.9629289857323521,1.2491030733137303,113.0
n_Bn-ord-C4-pp.wav,0.5867401887920414,248.60654812679294,0.619861126554621,2,0,6,38.0,0.5108256237659907,6500,0.35050563531721857,0.48895882112902633,38.0
n_Fl-mul-A#5_G#4_C#6_C5-mf.wav,0.3397863720925488,-426.2907610597628,0.29469196020679866,0,4,4,-74.5,-1.0986122886681098,-11800,-0.6642463585342252,-0.8727040351689083,-74.5
n_MA_ES_A-Ha_p_C3.wav,0.6666239394578426,487.69157710101626,0.7136799304346361,4,0,4,75.5,1.0986122886681098,14900,0.6929549142808957,0.9133242757099241,75.5
n_TpC-ord-C5-mf.wav,0.569640654932303,164.178545821876,0.5831888338372978,3,1,4,38.0,0.5108256237659907,4900,0.28038518618049485,0.3358777538437162,38.0
n_Fl-aeolian+ord-C5-mf.wav,0.5368654523196371,73.37939665232685,0.5464259651413214,2,1,5,19.25,0.25131442828090617,1500,0.14772989716337423,0.18624031911784675,19.25
n_Vc-ord-C4-ff.wav,0.5301520006921459,38.79096841633472,0.5312261863589389,3,2,3,19.25,0.25131442828090617,2200,0.12075452251824058,0.1250675151281502,19.25
n_Vc-pizz_bartok-C3-ff-3c.wav,0.3994481145188979,-349.7140370262354,0.35586459049397445,0,2,6,-37.0,-0.5108256237659907,-9400,-0.40776516086222614,-0.5933586724958492,-37.0
n_Gsp_HH_p_C6.wav,0.41560103767879764,-240.7811701362765,0.39309366154959485,1,3,4,-37.0,-0.5108256237659907,-8400,-0.3408581482009661,-0.4343265687373776,-37.0
n_Fl-flatt-C5-pp.wav,0.4203147521585978,-182.84960996733616,0.4059824964779911,0,2,6,-37.0,-0.5108256237659907,-5600,-0.3214814395915119,-0.3805987395880607,-37.0
n_Tbn+C-ord-C4-mf.wav,0.4956905016770889,-24.62885224056959,0.4947864034837234,1,1,6,0.5,0.0,-400,-0.017238420164199967,-0.020855141921540327,0.5
n_ClBb-ord-C5-pp.wav,0.5289828740343087,47.753147254787464,0.5277569263434051,2,1,5,19.25,0.25131442828090617,1700,0.11606160289126519,0.11114197134502193,19.25
n_Gtr-ord-C3-ff.wav,0.7967442565865478,1077.6798683842917,0.9485784245134327,8,0,0,150.5,9.903437551286196,22200,1.3660687388144708,2.914906627692046,150.5
n_Va-pizz_lv-C5-mf.wav,0.5325772487169023,47.576794939662705,0.5376293530825932,1,0,7,19.25,0.25131442828090617,1600,0.13049385789685636,0.1508025524531016,19.25
n_BTb-flatt-C4-mf.wav,0.6072776888204676,224.1030134390184,0.6237363912221896,4,1,3,56.75,0.7884573603642703,9300,0.43588338912294367,0.5054378442297479,56.75
n_Tbn-flatt-C5-pp.wav,0.5000937763523471,11.44873715763675,0.5023356832676928,2,2,4,0.5,0.0,-100,0.0003751054137865131,0.009342801029659311,0.5
n_Fl-aeolian+ord-C6-ff.wav,0.680434783940541,317.01169764167184,0.7150729944285423,5,0,3,94.25,1.466337068793427,12700,0.755770609886441,0.9201516009308028,94.25
n_Acc-ord-C4-pp.wav,0.5926259699067148,339.5754558364095,0.6237213389206794,2,0,6,38.0,0.5108256237659907,8400,0.3748317015636353,0.5053737075958756,38.0
n_Cb-pizz_lv-C3-ff.wav,0.7222322142392085,580.4099637288949,0.7744602296551487,6,0,2,113.0,1.9459101490553132,17900,0.9555612519403065,1.2336698002777768,113.0
n_ClBb-ord-C6-ff.wav,0.32343894005608653,-347.89975135766116,0.2924466028294371,0,5,3,-93.25,-1.466337068793427,-11600,-0.7380123539080807,-0.8835310041244963,-93.25
n_Fl-flatt-C5-ff.wav,0.493251128725856,-97.81448955407278,0.4863426196493712,1,1,6,0.5,0.0,-800,-0.026997124703106924,-0.054643113779670814,0.5
n_Va-ord-C6-ff.wav,0.4423836355664913,-197.669303539992,0.4234057370304144,0,1,7,-18.25,-0.25131442828090605,-5800,-0.23149374760143998,-0.3088079268814156,-18.25
n_Vc-pont-C2-mf-4c.wav,0.3741837925952652,-354.3470568392184,0.34465033375248577,0,3,5,-55.75,-0.7884573603642702,-10500,-0.514309628839871,-0.6426385570796592,-55.75
n_Gsp_ME_p_C7.wav,0.40212019342220934,-204.24645036887597,0.39542062549207346,2,5,1,-55.75,-0.7884573603642702,-9300,-0.39663870886083746,-0.42458289449836184,-55.75
n_Hp-ord-C7-ff.wav,0.24510539925989266,-716.9888246979461,0.17108963556588064,0,7,1,-130.75,-2.70805020110221,-19000,-1.1248898187395049,-1.5779244205989886,-130.75
n_Vib_ES_So_sp-0_p1_C4.wav,0.6927218557792456,519.8731038496259,0.7379604176968415,5,0,3,94.25,1.466337068793427,15300,0.8128752114663995,1.0353946187619498,94.25
n_ClBb-ord-C6-mf.wav,0.3515999585380971,-343.7150497464864,0.3213819624446106,0,4,4,-74.5,-1.0986122886681098,-10000,-0.6120138059189507,-0.7474281026373393,-74.5
n_Acc-ord-C5-pp.wav,0.43793170334846976,-63.605221523061545,0.4348901037050207,0,2,6,-37.0,-0.5108256237659907,-2800,-0.24956039701099794,-0.26192685493906553,-37.0
n_MA_ES_A-Ha_f_C2.wav,0.6451021675430736,257.0139217905053,0.6711961218911318,4,0,4,75.5,1.0986122886681098,9700,0.5975787513852687,0.7135999194150754,75.5
n_Tbn+H-ord-C4-mf.wav,0.5910852781769945,125.35810008373308,0.5995751270847964,4,1,3,56.75,0.7884573603642703,5400,0.36845367150977515,0.4036951171748087,56.75
n_BTb-ord-C2-pp.wav,0.6435728761853191,280.7104687239791,0.6714826729203132,4,0,4,75.5,1.0986122886681098,11100,0.5909054726488723,0.7148986294960114,75.5
n_Fl-aeolian+ord-C6-mf.wav,0.46982821304585004,-217.51993184136305,0.4389956683022725,2,2,4,0.5,0.0,-4800,-0.12083395662374895,-0.24523908104572106,0.5
n_PFL-L_LV_nA_sus_f_C8.wav,0.2001975157983115,-1212.295858969181,0.0692006900711706,0,8,0,-149.5,-9.903437551286196,-24000,-1.3850603442322218,-2.5990328553529465,-149.5
n_BKL_stac_mf1_C5.wav,0.4277881438473579,-185.06549403613954,0.41901437720398216,1,3,4,-37.0,-0.5108256237659907,-6100,-0.2908812186736149,-0.32682077845841273,-37.0
n_Tbn-flatt-C4-pp.wav,0.43520234881765124,-81.97774977496871,0.43174389429833143,1,3,4,-37.0,-0.5108256237659907,-4600,-0.2606564348723551,-0.27473963224626496,-37.0
n_Gsp_HH_p_C7.wav,0.4143741552791705,-256.98374639216047,0.3955646268356976,0,2,6,-37.0,-0.5108256237659907,-7000,-0.34591177302174525,-0.42398057551007107,-37.0
n_Cb-nonvib-C3-ff.wav,0.6389567944417472,317.4956750050944,0.6630053742693268,4,0,4,75.5,1.0986122886681098,8900,0.5708392036011255,0.6767161133014531,75.5
n_Va-pizz_lv-C3-ff.wav,0.6531892733430065,325.50360597966784,0.6914550328013199,4,0,4,75.5,1.0986122886681098,12000,0.6330877644460231,0.806930527006433,75.5
n_Vc-nonvib-C3-pp.wav,0.7294617382055192,585.9770164145502,0.7871747845728894,6,0,2,113.0,1.9459101490553132,18800,0.9918933805539369,1.3079790694363098,113.0
n_BTb-flatt-C2-mf.wav,0.6243982219851905,308.1534875220468,0.6605235289272854,3,0,5,56.75,0.7884573603642703,10300,0.5082588599582215,0.6656281062795122,56.75
n_BTb-play+sing_min2nd-C3-mf.wav,0.57863679564489,241.74821106446188,0.595848570275929,2,0,6,38.0,0.5108256237659907,6000,0.31717980485236225,0.38819692428305613,38.0
n_MA_ES_A-Ha_p_C6.wav,0.5435730267727211,144.26026711731225,0.5588113594169202,2,1,5,19.25,0.25131442828090617,4100,0.17473534520878356,0.23633941500039785,19.25
n_Hp-ord-C3-ff.wav,0.543397640359218,93.39527927724919,0.5564290440313434,1,0,7,19.25,0.25131442828090617,3000,0.17402845268510442,0.22668187873685605,19.25
n_Cb-ord-C4-ff.wav,0.5433679642474477,108.2928419335454,0.5574828137311095,2,1,5,19.25,0.25131442828090617,3900,0.17390884782025412,0.23095237275144587,19.25
n_Fl-aeolian+ord-C5-ff.wav,0.6207768692059145,312.91142939347924,0.6580732456454761,3,0,5,56.75,0.7884573603642703,8900,0.4928469410693713,0.6547196951296095,56.75
n_Acc-ord-C8-pp.wav,0.23774117802527814,-829.6157291142957,0.1609607138359146,0,7,1,-130.75,-2.70805020110221,-18100,-1.1651035647595487,-1.6510972085911266,-130.75
n_Hn-flatt-C5-pp.wav,0.5711228727896699,168.585916911664,0.5832841656803248,2,0,6,38.0,0.5108256237659907,3100,0.28643391413596353,0.33626995025818374,38.0
n_Vc-harm_artificial-C4-mf.wav,0.5386274889326436,77.77783552000388,0.5456827299013842,1,0,7,19.25,0.25131442828090617,2400,0.15481845008840267,0.18324193929761814,19.25
n_Tbn-ord-C4-ff.wav,0.4926094721235291,-68.14225734727745,0.4858442769534412,1,1,6,0.5,0.0,-1400,-0.02956426469433663,-0.056638027932233444,0.5
n_Hn-flatt-C3-ff.wav,0.4450516076226763,-53.828743136398195,0.45221283338658813,1,3,4,-37.0,-0.5108256237659907,-2800,-0.2206848750876022,-0.19173389008394492,-37.0
n_Va-pont-C6-mf.wav,0.3206413407538838,-445.4107962125835,0.29300667556952337,1,6,1,-93.25,-1.466337068793427,-17100,-0.7508260250179891,-0.8808258314739149,-93.25
n_Fl-mul-G#5_G4+_D6-mf.wav,0.35132755163740464,-320.21914816569773,0.32201498548042007,0,4,4,-74.5,-1.0986122886681098,-10600,-0.6132089033806549,-0.7445271019970541,-74.5
n_Va-pizz_bartok-C3-ff.wav,0.315522819962169,-385.9458917588916,0.2786565804523368,0,5,3,-93.25,-1.466337068793427,-14300,-0.7744242971437695,-0.9511352047250381,-93.25
n_Vib_ES_So_sp-0_p1_C5.wav,0.6162510907804184,300.785899423485,0.6382002452322473,4,1,3,56.75,0.7884573603642703,10500,0.47366603891158576,0.5675612029508396,56.75
n_Hp-ord-C2-pp.wav,0.607477140163379,288.16258838104164,0.6241255704149248,5,2,1,56.75,0.7884573603642703,11500,0.4367197679975581,0.5070964590216944,56.75
n_TpC-flatt-C6-pp.wav,0.36208891134396204,-215.8502751192322,0.34553053482649076,0,4,4,-74.5,-1.0986122886681098,-8600,-0.5663091210444352,-0.6387439126314391,-74.5
n_Acc-ord-C2-pp.wav,0.5366619442635328,82.06861863048884,0.5449581736163234,2,1,5,19.25,0.25131442828090617,2500,0.14691144012107105,0.18031970521604868,19.25
n_Fl-aeolian+ord-C6-pp.wav,0.35218350948199123,-346.9732354938161,0.32452866998137486,0,4,4,-74.5,-1.0986122886681098,-11200,-0.6094550890938101,-0.7330368303983144,-74.5
n_TpC-brassy-C4-ff.wav,0.25236708611368197,-592.7755621517939,0.19756535027550154,0,7,1,-130.75,-2.70805020110221,-18600,-1.0860273821837345,-1.4015810012422993,-130.75
n_TpC-flatt-C4-mf.wav,0.47563938827345775,15.413395290030088,0.48022821776856434,1,2,5,-18.25,-0.25131442828090605,-900,-0.09751965848843538,-0.07912839032099728,-18.25
n_Xyl_GA_f_C6.wav,0.4345471559329107,-102.37393825506639,0.432397414962488,1,3,4,-37.0,-0.5108256237659907,-4900,-0.26332243603951094,-0.272076392205611,-37.0
n_Cb-ord-C5-pp.wav,0.5704240659187346,72.5161028984657,0.5887362990939913,2,0,6,38.0,0.5108256237659907,3700,0.28358153725058327,0.3587437570843055,38.0
n_Vn-pont-C5-mf.wav,0.3406374572917576,-380.00826026481604,0.3058471062200965,0,4,4,-74.5,-1.0986122886681098,-13300,-0.6604547872963024,-0.8196069200739731,-74.5
n_Hn-stacc-C2-mf.wav,0.5286484678291159,47.64960968707085,0.5234356819275199,1,0,7,19.25,0.25131442828090617,1100,0.11471952046539277,0.09381146691463897,19.25
n_Bn-ord-C5-mf.wav,0.559142621262964,87.63832263404268,0.5618159155519927,3,1,4,38.0,0.5108256237659907,3000,0.23768315812480664,0.24853513762841647,38.0
n_MA_ES_A-So_p_C7.wav,0.4162604123196473,-174.22402151308984,0.4036198881929772,0,2,6,-37.0,-0.5108256237659907,-7300,-0.33814391631035223,-0.39040467100891757,-37.0
n_Va-pizz_lv-C6-mf.wav,0.44303408700493274,-201.81842758860992,0.4240035932899899,1,2,5,-18.25,-0.25131442828090605,-6400,-0.2288573276392307,-0.30635949238916615,-18.25
n_AFL-L_oV_pA_sus_p_C6.wav,0.5484652393603745,16.4674997707453,0.5408308030701015,3,1,4,38.0,0.5108256237659907,1800,0.19447154457735577,0.1636877185474645,38.0
n_Vn-pizz_bartok-C4-ff.wav,0.3504491416548456,-361.98821432079865,0.3186154548851834,0,4,4,-74.5,-1.0986122886681098,-12100,-0.6170655432090593,-0.7601419188522698,-74.5
n_ClBb-mul-C#4+_A#5_D#6_E5-mf.wav,0.3225883295226386,-389.40851454660736,0.29208508131831096,0,5,3,-93.25,-1.466337068793427,-12100,-0.7419021798475487,-0.8852787809142286,-93.25
n_BTb-flatt-C3-mf.wav,0.553695562928175,192.4144959018929,0.5781582812966275,1,0,7,19.25,0.25131442828090617,4300,0.21561369681249698,0.3152175047424766,19.25
n_BTb-play+sing_aug4th-C4-mf.wav,0.37866171944086935,-345.39576192649304,0.3529151437166498,0,3,5,-55.75,-0.7884573603642702,-10100,-0.4952324231482252,-0.6062497973887733,-55.75
n_TpC-flatt-C4-pp.wav,0.5538848704249342,167.83377435047157,0.5833710363510227,1,0,7,19.25,0.25131442828090617,4600,0.2163797932644297,0.33662735961382484,19.25
n_ASax-ord-C5-pp.wav,0.7146098449425742,527.4805215867106,0.7565985933162536,6,0,2,113.0,1.9459101490553132,15700,0.917879513148212,1.1341208931345204,113.0
n_Hn-ord-C5-ff.wav,0.6751592383431876,401.0400334233389,0.7055502748611127,5,0,3,94.25,1.466337068793427,12200,0.7316134735818278,0.8738697541565071,94.25
n_Gsp_HH_f_C8.wav,0.23576422067087285,-834.8190086368243,0.16035701386965706,0,7,1,-130.75,-2.70805020110221,-21100,-1.1760441125694263,-1.6555741187962765,-130.75
n_Cb-ord-C3-ff.wav,0.6938170574712419,527.7416106378141,0.7408954796407301,5,0,3,94.25,1.466337068793427,17100,0.8180255450958306,1.050628028426322,94.25
n_MA_ES_A-So_p_C6.wav,0.4883581799743405,-78.5886318553521,0.4800823552371452,1,1,6,0.5,0.0,-1900,-0.0465756979814456,-0.0797127609810863,0.5
n_Fl-aeolian+ord-C7-pp.wav,0.2709742646567154,-607.8431817510381,0.20789640601372175,0,6,2,-112.0,-1.9459101490553135,-17900,-0.9896851816357747,-1.3376522761252547,-112.0
n_Acc-ord-C3-pp.wav,0.6085909087450291,179.49459148710554,0.6252989509150322,3,0,5,56.75,0.7884573603642703,7900,0.4413930171492061,0.5121013512457308,56.75
n_Cb-pizz_lv-C4-ff.wav,0.4924732252922524,-59.78645260367231,0.4901027525603563,1,1,6,0.5,0.0,-1700,-0.030109373323616826,-0.039594161587236144,0.5
n_Bn-mul-C4_D#4_D4_G#3-mf.wav,0.39732494731280565,-133.8377841124255,0.3852214183954743,0,3,5,-55.75,-0.7884573603642702,-4900,-0.4166237140661775,-0.46744389137948517,-55.75
n_Cb-ord-C5-ff.wav,0.5298862030991349,14.267921607763821,0.5362033592950121,2,1,5,19.25,0.25131442828090617,1400,0.11968748589552457,0.14506730897270026,19.25
n_ASax-ord_C6-mf.wav,0.3891796074865598,-248.56861881836585,0.36670559374936984,0,3,5,-55.75,-0.7884573603642702,-7600,-0.4507620063871929,-0.5463760815283696,-55.75
n_Xyl_HO_p_C6.wav,0.43279774813380745,-160.50281165441325,0.42263223947945094,1,3,4,-37.0,-0.5108256237659907,-4500,-0.2704454208542151,-0.3119770393870666,-37.0
n_Xyl_HO_f_C7.wav,0.32066262149690233,-373.7591648070934,0.2809678238855223,0,5,3,-93.25,-1.466337068793427,-12200,-0.750728332670253,-0.9396659508900846,-93.25
n_Vc-harm_artificial-C5-mf.wav,0.4557034461776658,-158.31842559561824,0.44967134796194774,2,3,3,-18.25,-0.25131442828090605,-5000,-0.17765197340261782,-0.2019986708497948,-18.25
n_Va-pizz_lv-C3-mf.wav,0.7303600328567383,616.7244413456334,0.7860887050361721,6,0,2,113.0,1.9459101490553132,20900,0.9964499941244414,1.3015082227673207,113.0
n_Gtr-pont-C3-mf-5c.wav,0.6109327907222414,294.6656330663765,0.6344018153781436,4,1,3,56.75,0.7884573603642703,9900,0.4512348511157408,0.5511476577922607,56.75
n_MA_ES_A-So_p_C4.wav,0.6124346670986599,320.6187556967079,0.6350161637251964,4,1,3,56.75,0.7884573603642703,10900,0.4575578351507314,0.5537973848307773,56.75
n_Hp-ord-C4-pp.wav,0.6110691111778578,295.8072133021909,0.6305034178627382,4,1,3,56.75,0.7884573603642703,10200,0.4518084002209279,0.5343770858882878,56.75
n_TpC+H-ord-C5-mf.wav,0.3629988848081681,-325.07428824914643,0.3507139129254236,1,5,2,-74.5,-1.0986122886681098,-12000,-0.5623716441579196,-0.6159026034773871,-74.5
n_AFL-L_oV_pA_sus_mf_C4.wav,0.5673669305333531,161.4334862202847,0.5742761339513318,3,1,4,38.0,0.5108256237659907,4600,0.2711162841012433,0.2993194159122172,38.0
n_TpC-brassy-C6-ff.wav,0.36668094544077856,-278.68385347371714,0.34637568462846813,1,5,2,-74.5,-1.0986122886681098,-11100,-0.5464822193281196,-0.6350087653406676,-74.5
n_Vn-nonvib-C5-ff.wav,0.4921947826409592,-101.00134856900236,0.4855497695724428,0,0,8,0.5,0.0,-1000,-0.03122340583320761,-0.057817022262162426,0.5
n_ASax-ord_C7-ff.wav,0.4014860762961861,-361.2020116135122,0.36383308539221704,0,2,6,-37.0,-0.5108256237659907,-9000,-0.39927693548828463,-0.5587657674067716,-37.0
n_Vc-ord-C4-pp.wav,0.6467779608138046,442.6142413408875,0.6823581494619673,4,0,4,75.5,1.0986122886681098,10500,0.604906187547248,0.7646301739339185,75.5
n_Vib_ES_Ha_sp-0_p1_C5.wav,0.5745435700372548,172.1273037505416,0.6022030813178725,2,0,6,38.0,0.5108256237659907,4700,0.30041338883557733,0.4146531123100896,38.0
n_Xyl_GA_p_C7.wav,0.3854556805219279,-258.19457095759617,0.36343428117836524,0,3,5,-55.75,-0.7884573603642702,-8200,-0.4664548290602145,-0.5604891769056328,-55.75
n_ASax-ord_C6-pp.wav,0.46607555421515834,-76.64781045247962,0.4690207959544998,0,1,7,-18.25,-0.25131442828090605,-2000,-0.13590658716326687,-0.12407574820128424,-18.25
n_Hn-stacc-C4-mf.wav,0.526131062846886,21.875433210606275,0.5237226038987464,2,1,5,19.25,0.25131442828090617,700,0.10461957104628035,0.09496171286787727,19.25
n_Tbn-ord-C3-pp.wav,0.7284171412123452,604.0288245005905,0.7849846180467278,6,0,2,113.0,1.9459101490553132,19500,0.9866065985497317,1.2949545532082714,113.0
n_ASax-mul-E4_G4_F#5+-mf.wav,0.34342439066272096,-360.2747387343187,0.3008992800311757,0,4,4,-74.5,-1.0986122886681098,-12700,-0.6480708845504285,-0.8430192324531852,-74.5
n_Hp-harm_fingering-C6-p.wav,0.3784568777232608,-358.12388962744944,0.3513828198295869,1,4,3,-55.75,-0.7884573603642702,-12100,-0.4961031557479408,-0.6129663976858892,-55.75
n_Va-pizz_lv-C5-ff.wav,0.5552913701848177,58.86076637220574,0.5575579160612696,4,2,2,38.0,0.5108256237659907,3100,0.22207366405658693,0.23125681112258617,38.0
n_Gsp_HH_p_C8.wav,0.2368100012203042,-749.9023500970831,0.17737549150722,0,7,1,-130.75,-2.70805020110221,-23000,-1.1702488787228917,-1.5342309428072,-130.75
n_BTb-play+sing_min2nd-C4-mf.wav,0.5711010860895711,111.68560048635369,0.5818147332260772,2,0,6,38.0,0.5108256237659907,4300,0.2863449681672303,0.3302275129860406,38.0
n_PFL-L_LV_nA_sus_p_C7.wav,0.425811359273814,-219.61508500565105,0.4159928478022852,2,4,2,-37.0,-0.5108256237659907,-6400,-0.29896155511841566,-0.339245162336632,-37.0
n_KFA-L_nA_sus_p_C2.wav,0.7251001356584964,734.0041809611693,0.7974221678420489,6,0,2,113.0,1.9459101490553132,17600,0.969902861778885,1.3702600656777162,113.0
n_Cb-harm_artificial-C6-mf.wav,0.3745294207954806,-371.2555484762866,0.3476295793678095,0,3,5,-55.75,-0.7884573603642702,-10600,-0.5128339330833681,-0.6294750446403612,-55.75
n_PFL-L_LV_nA_sus_p_C6.wav,0.5429446833114024,139.68630388031235,0.5510414316246085,1,0,7,19.25,0.25131442828090617,3700,0.17220301573855082,0.20487939168569033,19.25
n_Hn-brassy-C3-ff.wav,0.4301886145469998,-167.27770715121687,0.42179339080680633,2,4,2,-37.0,-0.5108256237659907,-7400,-0.2810816523589106,-0.3154156612513882,-37.0
n_MA_ES_A-So_f_C4.wav,0.5847926173943487,256.878458830313,0.6082699866307657,3,1,4,38.0,0.5108256237659907,8200,0.3424791716654841,0.4400459792664243,38.0
n_Fl-mul-A#4+_D5+-mf.wav,0.4170049192762322,-202.92510176895328,0.3918710299632776,1,3,4,-37.0,-0.5108256237659907,-7000,-0.3350807298935697,-0.43945420078179137,-37.0
n_KFA-L_nA_sus_ff_C2.wav,0.6055296351071985,256.5191716773509,0.6200065989742671,4,1,3,56.75,0.7884573603642703,8900,0.4285594882078842,0.48957623464148803,56.75
n_Gsp_ME_f_C7.wav,0.2836197705761401,-474.78397635924165,0.22962964398109945,0,6,2,-112.0,-1.9459101490553135,-16000,-0.9265765675665937,-1.21040361352858,-112.0
n_Gsp_HH_f_C6.wav,0.3690258159352605,-225.75479519349608,0.3581746538432547,1,5,2,-74.5,-1.0986122886681098,-10400,-0.5363983454926121,-0.5832954928606726,-74.5
n_Xyl_GA_p_C8.wav,0.3802688809337939,-313.6677291195852,0.3581349239597903,0,3,5,-55.75,-0.7884573603642702,-11700,-0.48840712114030466,-0.5834683217041597,-55.75
n_TpC-ord-C6-mf.wav,0.4143093746977338,-228.87797918219832,0.39019572678840786,0,2,6,-37.0,-0.5108256237659907,-7100,-0.34617873036793423,-0.4464895652997538,-37.0
n_Vc-ord-C3-ff.wav,0.7259611588806275,546.129645785562,0.7808677731968964,6,0,2,113.0,1.9459101490553132,18500,0.9742266609774172,1.2707305080465234,113.0
n_Vn-pizz_bartok-C6-ff.wav,0.3936400302724056,-228.0592872244195,0.3795402543376569,1,4,3,-55.75,-0.7884573603642702,-8400,-0.4320369562324437,-0.49150006526052936,-55.75
n_ClBb-flatt-C5-ff.wav,0.3169157264895464,-388.4398980727291,0.27838130236874975,0,5,3,-93.25,-1.466337068793427,-13400,-0.7679823477390286,-0.9525051145911596,-93.25
n_Hn-stacc-C3-mf.wav,0.4884368660631386,-83.9230908926484,0.48052868540690236,1,1,6,0.5,0.0,-2000,-0.04626078405393446,-0.07792466597084319,0.5
n_Vn-pizz_lv-C4-pp.wav,0.5684150563755948,179.79978986512728,0.581171011666831,4,2,2,38.0,0.5108256237659907,6200,0.2753875371681163,0.3275823595542059,38.0
n_Cb-nonvib-C4-pp.wav,0.6247202480062506,382.91475143350135,0.6584722748499174,3,0,5,56.75,0.7884573603642703,10400,0.5096321931787702,0.6564935547047946,56.75
n_EH-L_pA_sus_pp_C4.wav,0.5971740274856262,135.3945599546126,0.6079358239805301,4,1,3,56.75,0.7884573603642703,6900,0.393703935547654,0.43864378300537543,56.75
n_Cb-pont-C2-mf-3c.wav,0.46244542129571153,-98.56451188038893,0.45993667557400414,0,1,7,-18.25,-0.25131442828090605,-2400,-0.15050175464250662,-0.16059758192733442,-18.25
n_PFL-L_LV_nA_sus_mf_C6.wav,0.4363896234990237,-2.1711267584176746,0.4326256298964675,0,2,6,-37.0,-0.5108256237659907,-2900,-0.2558277147876625,-0.27114659264009455,-37.0
n_Va-pizz_bartok-C6-ff.wav,0.4166577546473832,-258.8374620459035,0.3921683390299507,1,3,4,-37.0,-0.5108256237659907,-7400,-0.33650890332687733,-0.4382067863151468,-37.0
n_Ob-ord-C5-mf.wav,0.5160181731758205,107.00455006920296,0.5268529168734628,2,2,4,0.5,0.0,2600,0.06409462606659666,0.1075151163315615,0.5
n_Vib_ES_Ha_sp-0_p1_C4.wav,0.601162847479438,169.7630957194004,0.6149946900123253,4,1,3,56.75,0.7884573603642703,7400,0.41031266416398904,0.4683565072744918,56.75
n_Hp-ord-C5-pp.wav,0.6395361501187974,301.98353386378903,0.6629150473450717,4,0,4,75.5,1.0986122886681098,9400,0.5733514741700841,0.6763118646444654,75.5
n_Vc-ord-C3-pp.wav,0.7304996931460823,560.6362019798071,0.7884306323383061,6,0,2,113.0,1.9459101490553132,20100,0.997159282177624,1.3154915041260702,113.0
n_Hn-stacc-C5-mf.wav,0.6029238860877133,203.91503226222832,0.6172151165111245,4,1,3,56.75,0.7884573603642703,8800,0.4176629783548636,0.4777444427874556,56.75
n_Gtr-ord-C5-ff.wav,0.47033386909193065,-11.566131963728877,0.4734767418759162,1,2,5,-18.25,-0.25131442828090605,-1500,-0.1188040640785629,-0.10619271373937444,-18.25
n_Tbn-flatt-C3-pp.wav,0.5454213843135806,-62.88253933961593,0.535797365608616,3,1,4,38.0,0.5108256237659907,800,0.18218780767166365,0.1434348714088186,38.0
n_Vc-ord-C2-ff.wav,0.691994267067778,460.71800485138726,0.7357188151006936,5,0,3,94.25,1.466337068793427,15600,0.8094592747825642,1.0238343703797066,94.25
n_Fl-ord-C6-mf.wav,0.46179428304441605,-86.757991522296,0.45245763649208304,1,2,5,-18.25,-0.25131442828090605,-3200,-0.1531213434772063,-0.19074569722214554,-18.25
n_Va-ord-C4-pp.wav,0.6001346245628278,194.68029378584166,0.6118946389110606,4,1,3,56.75,0.7884573603642703,7700,0.40602607526797296,0.4552832570905074,56.75
n_Va-nonvib-C4-ff.wav,0.5438387042000024,108.40309244297607,0.5550419504680839,1,0,7,19.25,0.25131442828090617,3600,0.175806237428625,0.22106369031122255,19.25
n_Bn-ord-C3-ff.wav,0.5573307516787334,47.32860412989475,0.5627585577319298,3,1,4,38.0,0.5108256237659907,3200,0.2303359994081088,0.25236514466498766,38.0
n_AFL-L_oV_pA_sus_p_C5.wav,0.5363268977065137,68.31109204014498,0.543342057776152,2,1,5,19.25,0.25131442828090617,2300,0.1455640759325231,0.17380443690824893,19.25
n_TpC-ord-C4-pp.wav,0.7136653450638734,584.6626229428066,0.7612354228620435,6,0,2,113.0,1.9459101490553132,16200,0.9132528991562286,1.159464636318863,113.0
n_Cb-nonvib-C2-ff.wav,0.7327728502312407,686.1657411894565,0.7889307619430268,6,0,2,113.0,1.9459101490553132,21400,1.0087367183999243,1.3184923407046847,113.0
n_Va-ord-C5-pp.wav,0.5343786329684571,44.726941865425886,0.5381474121910427,2,1,5,19.25,0.25131442828090617,2500,0.13773185145035702,0.15288675682542924,19.25
n_ClBb-ord-C6-pp.wav,0.48043084419136434,26.229005732007646,0.48507093700947473,2,3,3,-18.25,-0.25131442828090605,-400,-0.07831662824682142,-0.05973400729303376,-18.25
n_Fl-flatt-C4-mf.wav,0.64977838206414,325.50198576993665,0.6777229296756417,4,0,4,75.5,1.0986122886681098,12000,0.6180652058791202,0.7433269037204526,75.5
n_Bn-ord-C4-ff.wav,0.633938815708447,193.67341924496685,0.6520789880001561,4,0,4,75.5,1.0986122886681098,8200,0.5491519549630902,0.6281902248290707,75.5
n_Vib_ES_Ha_sp-0_f1_C6.wav,0.3812152743594392,-309.24060266457496,0.3521445625697135,1,4,3,-55.75,-0.7884573603642702,-10800,-0.48439319442959505,-0.6096258006716447,-55.75
n_Xyl_GA_p_C6.wav,0.506580573551688,55.556577004033045,0.5076219157287785,2,2,4,0.5,0.0,1400,0.026323814177080174,0.03049002476185588,0.5
n_Bn-mul-D#3+_D3_D4_A5+-mf.wav,0.34335358752929174,-337.10177622650843,0.3074015339543975,0,4,4,-74.5,-1.0986122886681098,-12000,-0.6483849050156768,-0.8122955960046648,-74.5
n_Va-pont-C3-mf.wav,0.4542477216570966,-149.52317973771915,0.4420819161223336,0,1,7,-18.25,-0.25131442828090605,-3500,-0.18352247847286726,-0.23271695301844358,-18.25
n_TpC-ord-C4-ff.wav,0.42108972398820105,-200.20151486761148,0.4057499964293634,1,3,4,-37.0,-0.5108256237659907,-6700,-0.31830156976726737,-0.3815629146543368,-37.0
n_Vn-ord-C4-ff.wav,0.6412483758043082,256.4156011729165,0.6675566565017105,4,0,4,75.5,1.0986122886681098,9200,0.5807865691846598,0.6971548152435821,75.5
n_Vc-nonvib-C6-ff.wav,0.4127705553041569,-249.96383322290242,0.3907839377455457,1,3,4,-37.0,-0.5108256237659907,-8400,-0.3525237378616576,-0.4440181684508673,-37.0
n_Tbn-ord-C5-mf.wav,0.5409835558315801,99.04822412931873,0.5551545973216546,1,0,7,19.25,0.25131442828090617,2400,0.16430284701563894,0.2215198165963349,19.25
n_Xyl_HO_f_C6.wav,0.4286920804554589,-193.9729296600355,0.42030029492795445,1,3,4,-37.0,-0.5108256237659907,-5400,-0.28718942791825286,-0.32154077586691304,-37.0
n_Vib_bow_sp-0_kurz_C6.wav,0.3181232930305868,-362.30962370872436,0.28446084515040115,0,5,3,-93.25,-1.466337068793427,-14200,-0.7624098383595145,-0.9224407040511963,-93.25
n_Hp-ord-C4-ff.wav,0.512487866694992,66.0907824042346,0.5185072956113046,2,2,4,0.5,0.0,2600,0.049961857031867424,0.07406301889795544,0.5
n_Cb-pizz_lv-C2-pp.wav,0.7287518784262283,619.3411994154386,0.7828437458343734,6,0,2,113.0,1.9459101490553132,19500,0.9882993355046554,1.2823159580578056,113.0
n_Gsp_HH_f_C7.wav,0.299527414627368,-433.1280331705293,0.27226519983057307,1,7,0,-112.0,-1.9459101490553135,-17500,-0.8495492811965573,-0.9831601056771168,-112.0
n_Gtr-pont-C4-mf-2c.wav,0.6087371575674445,268.5240951950478,0.6295467411674149,4,1,3,56.75,0.7884573603642703,9200,0.44200701235138723,0.5302728222061073,56.75
n_AFL-L_oV_pA_sus_f_C6.wav,0.40137828602102643,-354.47076705018674,0.3580523838024748,0,2,6,-37.0,-0.5108256237659907,-9000,-0.3997255300801653,-0.583827406485962,-37.0
n_Cb-pont-C3-mf-2c.wav,0.61666449019429,290.09473988421365,0.6354971658004663,3,0,5,56.75,0.7884573603642703,9600,0.47541448955627397,0.5558733038246667,56.75
n_Xyl_HO_p_C5.wav,0.45926977052149537,-144.33546488039005,0.4542394141170183,1,2,5,-18.25,-0.25131442828090605,-3200,-0.16328273011480104,-0.18355598927287173,-18.25
n_Ob-flatt-C5-mf.wav,0.4678448540096299,-35.36748250054586,0.4701294764006455,0,1,7,-18.25,-0.25131442828090605,-2000,-0.12879834219785405,-0.11962454313621414,-18.25
n_Hn-ord-C5-mf.wav,0.5746919989633377,230.51514823142145,0.5871678979684118,3,1,4,38.0,0.5108256237659907,6800,0.30102062853500006,0.35226982844046006,38.0
n_Bn-ord-C5-ff.wav,0.4188369265570943,-172.63709798830854,0.39266251064947705,0,2,6,-37.0,-0.5108256237659907,-5400,-0.3275497472474114,-0.43613414078343476,-37.0
n_Vc-pizz_bartok-C2-ff-4c.wav,0.3650085130090456,-324.81600357863914,0.3501066779550984,1,5,2,-74.5,-1.0986122886681098,-11700,-0.5536909158664076,-0.6185703272890322,-74.5
n_TpC+H-ord-C4-mf.wav,0.5675731691522102,147.64772900321253,0.5805087622562616,4,2,2,38.0,0.5108256237659907,5900,0.27195653864198066,0.32486225704178157,38.0
n_Hn-ord-C2-mf.wav,0.6055145538438224,225.93902083336937,0.6194590336236392,4,1,3,56.75,0.7884573603642703,8300,0.428496351047362,0.48725273465694524,56.75
n_Ob-ord-C4-ff.wav,0.46568039606248274,-64.2370659766924,0.46184475227251814,0,1,7,-18.25,-0.25131442828090605,-2000,-0.13749461570460966,-0.15291828251678513,-18.25
n_Tbn-ord-C3-mf.wav,0.6541071073351324,373.82983089003585,0.6845198158553734,4,0,4,75.5,1.0986122886681098,11900,0.6371419423691473,0.7746217214701435,75.5
n_Vn-pizz_lv-C7-ff.wav,0.3317132988705039,-372.6343901436891,0.3139047068606403,1,6,1,-93.25,-1.466337068793427,-15400,-0.7004462365503282,-0.7819270708475385,-93.25
n_Bn-ord-C3-pp.wav,0.507402859140476,84.09278436874104,0.5132727498118179,1,1,6,0.5,0.0,1600,0.029613600547229817,0.05310347495307391,0.5
n_Fl-ord-C7-pp.wav,0.2632117718650643,-734.2520511710333,0.1879255478576079,0,6,2,-112.0,-1.9459101490553135,-18800,-1.0293415834158208,-1.463546163430441,-112.0
n_ASax-ord-C4-mf.wav,0.5584343767224285,60.74730751039276,0.5634324215070783,3,1,4,38.0,0.5108256237659907,2400,0.2348104663576686,0.255104217652396,38.0
n_Va-ord-C3-pp.wav,0.5236736151161497,175.0207137599429,0.5540530819027212,0,0,8,0.5,0.0,3400,0.0947653165523394,0.21706057064834736,0.5
n_Gtr-ord-C5-pp.wav,0.5840802628934563,253.8956850632013,0.6075095233686278,2,0,6,38.0,0.5108256237659907,7100,0.33954610784781597,0.43685557785024903,38.0
n_BTb-ord-C3-ff.wav,0.6804625353277738,456.15550372139654,0.7200011546210064,5,0,3,94.25,1.466337068793427,13200,0.7558982386879937,0.9444673361348062,94.25
n_Tbn-ord-C2-mf.wav,0.5736292061692796,197.0611027461625,0.5847855134306712,3,1,4,38.0,0.5108256237659907,5800,0.29667382956234617,0.3424499144691125,38.0
n_Ob-ord-C6-mf.wav,0.46150246025260705,-104.50343589364611,0.4526122676817713,2,3,3,-18.25,-0.25131442828090605,-3000,-0.15429554295152587,-0.19012154779644339,-18.25
n_Hp-ord-C5-ff.wav,0.49690889969125035,-20.440288688259706,0.4942383982339873,2,2,4,0.5,0.0,100,-0.012364558759452658,-0.02304742721172031,0.5
n_MA_ES_A-Ha_f_C3.wav,0.666308903161278,442.1912724589216,0.7074822406041615,4,0,4,75.5,1.0986122886681098,15500,0.6915376763045642,0.8831871468707972,75.5
n_KFA_Flatter_f_C2.wav,0.5732224247689147,159.1381684710066,0.5850112172447741,2,0,6,38.0,0.5108256237659907,5300,0.29501084084160645,0.3433795314654997,38.0
n_Tbn-brassy-C4-ff.wav,0.39921353849021163,-164.25640229969036,0.3837496423147796,0,3,5,-55.75,-0.7884573603642702,-6300,-0.408743108175272,-0.47366293895677347,-55.75
n_Fl-aeolian+ord-C4-pp.wav,0.6076405990275835,187.34441123353102,0.6299789647059181,3,0,5,56.75,0.7884573603642703,7100,0.4374053281999676,0.5321265733040403,56.75
n_Ob-ord-C6-ff.wav,0.5031488096820423,-11.649167428163661,0.5080873167229889,0,0,8,0.5,0.0,300,0.012595405241228194,0.032352088393303925,0.5
n_BKL-L_pA_sus_mf_C2.wav,0.720379720988407,600.5566740979609,0.7680446729411696,6,0,2,113.0,1.9459101490553132,17600,0.9463459268670643,1.1973031020039722,113.0
n_Vn-nonvib-C7-pp.wav,0.31478073254117184,-501.2765233907755,0.281192350653572,0,5,3,-93.25,-1.466337068793427,-14900,-0.7778625762480883,-0.938554839627098,-93.25
n_Va-ord-C6-pp.wav,0.31065054451266366,-473.39418809330033,0.2594751299593001,0,5,3,-93.25,-1.466337068793427,-14500,-0.7970797053990678,-1.0486983589080663,-93.25
n_Tbn-pedal_tone-C1-p.wav,0.5150046098926647,135.40466329627196,0.5264758888550048,1,1,6,0.5,0.0,2500,0.060036465912584956,0.1060027029397595,0.5
n_ASax-ord_C6-ff.wav,0.27641411756740925,-584.19469554643,0.22375385129594105,0,6,2,-112.0,-1.9459101490553135,-18500,-0.9623190759775359,-1.243923102320883,-112.0
n_Hp-ord-C6-ff.wav,0.3866103778857641,-319.966704003715,0.3655520584820803,1,4,3,-55.75,-0.7884573603642702,-11100,-0.46158292250814537,-0.5513465374083425,-55.75
n_Acc-ord-C3-ff.wav,0.5886165768275765,222.33771375805512,0.6110990499896501,2,0,6,38.0,0.5108256237659907,8500,0.35824931584001735,0.4519343733363254,38.0
n_Xyl_HO_f_C5.wav,0.39440843705117545,-232.9741550376754,0.3813597277438248,1,4,3,-55.75,-0.7884573603642702,-8800,-0.42881875568638594,-0.48378086340116355,-55.75
n_BKL-L_pA_sus_pp_C4.wav,0.566822657156273,83.15521583690006,0.5781121174575086,3,1,4,38.0,0.5108256237659907,5400,0.2688992689080154,0.3150282271440862,38.0
n_Vn-ord-C5-pp.wav,0.4536765364541277,-92.06052779944443,0.4408486878388032,1,2,5,-18.25,-0.25131442828090605,-4300,-0.1858267550677923,-0.23771841508440533,-18.25
n_Ob-mul-C6+_A#4_E5-f.wav,0.3582965787585808,-290.9297373436791,0.3320062246706256,0,4,4,-74.5,-1.0986122886681098,-9700,-0.5827651605434915,-0.6991251373753927,-74.5
n_AFL_flatter_p_C6.wav,0.3470662622580599,-452.1756377461298,0.29329767604249407,0,4,4,-74.5,-1.0986122886681098,-9500,-0.6319599312990172,-0.8794214836861854,-74.5
n_Ob-ord-C5-pp.wav,0.5149132240101719,121.77317415107885,0.5274764491222751,1,1,6,0.5,0.0,2700,0.0596705948989407,0.11001662932072309,0.5
n_Vc-nonvib-C3-ff.wav,0.714156455563884,434.1437917195536,0.7597655646075895,6,0,2,113.0,1.9459101490553132,15000,0.9156574500660759,1.1513946573682998,113.0
n_Ob-ord-C4-mf.wav,0.6378746368811884,260.40081200733096,0.6608544006795425,4,0,4,75.5,1.0986122886681098,8800,0.5661513112872985,0.6671040326080366,75.5
n_Va-pizz_lv-C4-mf.wav,0.6824059649768008,395.10011124840076,0.7194818419474451,5,0,3,94.25,1.466337068793427,13800,0.7648507895292652,0.9418928315080299,94.25
n_Ob-ord-C4-pp.wav,0.6569532976839232,390.6874163935985,0.6892720722608421,4,0,4,75.5,1.0986122886681098,13300,0.6497463355099261,0.7967183741121797,75.5
n_Fl-flatt-C7-ff.wav,0.385180485348177,-150.98249354644128,0.3823681343000276,1,5,2,-74.5,-1.0986122886681098,-6800,-0.46761673507352297,-0.47950874649665787,-74.5
n_Hn-ord-C4-ff.wav,0.5038994493657826,52.69803628516294,0.5064730623373322,2,2,4,0.5,0.0,600,0.01559811370868787,0.025893696026980387,0.5
n_Va-ord-C4-ff.wav,0.6743266436293771,358.58962433913854,0.7066900328219727,5,0,3,94.25,1.466337068793427,12500,0.7278197232482752,0.8793621854817223,94.25
n_Va-nonvib-C6-ff.wav,0.46509903246383266,-71.2101352167079,0.45948997871053326,1,2,5,-18.25,-0.25131442828090605,-2000,-0.13983126640016438,-0.16239604524298362,-18.25
n_ClBb-ord-C5-mf.wav,0.5525699693328228,219.47600659334643,0.5727970851222524,2,1,5,19.25,0.25131442828090617,5300,0.21105989726092023,0.2932724159721959,19.25
n_Cb-ord-C2-ff.wav,0.6921929036867769,547.2386242788034,0.7311509386488437,6,1,1,94.25,1.466337068793427,20900,0.8103914032359933,1.0004698089531385,94.25
n_Vn-ord-C5-ff.wav,0.4755277254206243,-1.7494612772534746,0.4770870189076934,2,3,3,-18.25,-0.25131442828090605,-300,-0.09796737755527199,-0.09171616225084939,-18.25
n_Hn-flatt-C4-ff.wav,0.4685106354616835,-44.88013520632729,0.46799133510010454,2,3,3,-18.25,-0.25131442828090605,-2500,-0.12612438479282934,-0.12820999561194407,-18.25
n_Hn-ord-C2-ff.wav,0.5809087149892334,223.46915196870475,0.5988893409669127,3,1,4,38.0,0.5108256237659907,7000,0.3265048672688796,0.400839494502056,38.0
n_Vc-ord-C5-pp.wav,0.5210490253317577,148.99242817107196,0.5413936505176357,1,1,6,0.5,0.0,3800,0.08424589301457142,0.16595443352786457,0.5
n_Vc-pont-C5-mf-1c.wav,0.36782535575724273,-343.32941004673023,0.3277488158920668,0,3,5,-55.75,-0.7884573603642702,-11000,-0.5415574430251703,-0.7183845467590807,-55.75
n_Acc-ord-C8-ff.wav,0.26334930599870826,-755.7309316101131,0.20484097971844878,0,6,2,-112.0,-1.9459101490553135,-21600,-1.028632512612663,-1.3563081507330317,-112.0
n_BKL-L_pA_sus_mf_C4.wav,0.7280063813242665,623.5172332186952,0.7837716002064398,6,0,2,113.0,1.9459101490553132,18900,0.9845312084437703,1.2877823961639543,113.0
n_MA_ES_A-Ha_f_C5.wav,0.5631644218160231,102.53715384737808,0.5690592924771241,3,1,4,38.0,0.5108256237659907,5700,0.2540147583569292,0.278014122314664,38.0
n_Cb-harm_artificial-C5-mf.wav,0.461567096351999,-76.9482901304393,0.45498872199754464,1,2,5,-18.25,-0.25131442828090605,-2200,-0.1540354593023151,-0.1805338562064529,-18.25
n_Tbn-stacc-C3-mf.wav,0.4877799908291116,-87.18630847177845,0.47671243612785386,2,2,4,0.5,0.0,-2000,-0.04888977242447226,-0.09321769845558323,0.5
n_Vn-ord-C6-pp.wav,0.34830280615836384,-385.9298344926443,0.3141597679432068,0,4,4,-74.5,-1.0986122886681098,-11700,-0.6265077933564442,-0.7807430311130739,-74.5
n_ASax-ord-C5-ff.wav,0.3742651979370614,-329.1288799923276,0.34492643668870243,0,3,5,-55.75,-0.7884573603642702,-10700,-0.513962010937226,-0.641416372421854,-55.75
n_Vn-harm_artificial-C7-mf.wav,0.27480278810608055,-604.1100738707636,0.21254066077955316,0,6,2,-112.0,-1.9459101490553135,-17600,-0.9703899280271658,-1.3096784217254944,-112.0
n_Vn-harm_artificial-C6-mf.wav,0.354889889251612,-351.8611784209867,0.33250863949530346,0,4,4,-74.5,-1.0986122886681098,-11100,-0.5976134463241396,-0.6968606039236508,-74.5
n_Fl-flatt-C6-pp.wav,0.4595728799451438,-70.59615346649267,0.451004253430334,0,1,7,-18.25,-0.25131442828090605,-2500,-0.16206225369512597,-0.19661392331568725,-18.25
n_Vn-nonvib-C4-ff.wav,0.5830544693255509,246.84288616839177,0.6045210585735769,3,1,4,38.0,0.5108256237659907,8000,0.3353250199779081,0.42433896545315997,38.0
n_Vc-pizz_bartok-C4-ff-1c.wav,0.38958233673471443,-220.1310091533673,0.3735541186931874,0,3,5,-55.75,-0.7884573603642702,-7500,-0.4490681829315494,-0.5169994978380396,-55.75
n_BTb-ord-C2-ff.wav,0.6184888864306235,305.9636126759465,0.6379213168934607,3,0,5,56.75,0.7884573603642703,10200,0.48313924154317067,0.5663534031309647,56.75
n_EH_Flatter_f_C5.wav,0.42160092466888494,-174.39071215922766,0.41421080280946354,0,2,6,-37.0,-0.5108256237659907,-6000,-0.31620488171432287,-0.34658496333680283,-37.0
n_Vc-pizz_lv-C3-mf.wav,0.6413634777778059,262.5921390128632,0.6630208176013059,4,0,4,75.5,1.0986122886681098,9400,0.5812869415523244,0.6767852336432443,75.5
n_Va-nonvib-C4-pp.wav,0.5908853439804731,300.41835107148154,0.6150382217449012,3,1,4,38.0,0.5108256237659907,10200,0.3676265458448155,0.46854036295405155,38.0
n_Va-ord-C3-ff.wav,0.5758344858391915,194.51830756538465,0.592788308989676,3,1,4,38.0,0.5108256237659907,6500,0.3056965257823358,0.3755041765532773,38.0
n_Vc-nonvib-C6-pp.wav,0.39057138165862204,-253.9544355248995,0.3610875680485745,1,4,3,-55.75,-0.7884573603642702,-8600,-0.44491107883901365,-0.570646906098136,-55.75
n_Xyl_GA_f_C8.wav,0.4117625790739247,-177.93770815737668,0.4069314878636363,2,5,1,-55.75,-0.7884573603642702,-7300,-0.3566837246260462,-0.3766650903386584,-55.75
n_Vn-ord-C4-pp.wav,0.4394371250650935,-26.372980193989473,0.4367896931528384,1,3,4,-37.0,-0.5108256237659907,-3500,-0.24344676598930606,-0.2542012772957733,-37.0
n_Fl-aeolian+ord-C4-mf.wav,0.6367926060705913,340.12106862211635,0.6568400477848809,5,1,2,75.5,1.0986122886681098,12400,0.5614700191376345,0.649243858918096,75.5
n_Va-pont-C5-mf.wav,0.32706953427101554,-352.7003338776054,0.30276751743587954,0,5,3,-93.25,-1.466337068793427,-12000,-0.721469213116526,-0.8341536607645084,-93.25
n_ClBb-ord-C4-ff.wav,0.6839405559083233,490.9594039841883,0.7215385495981708,5,0,3,94.25,1.466337068793427,14600,0.7719406971693583,0.9521061754613941,94.25
n_AFL-L_oV_pA_sus_mf_C5.wav,0.5685344145543636,150.44047520803574,0.5724085225253343,2,0,6,38.0,0.5108256237659907,3900,0.27587409536126734,0.2916846887965795,38.0
n_Fl-ord-C6-ff.wav,0.5865164167612368,263.34352072488633,0.616682582283842,2,0,6,38.0,0.5108256237659907,7500,0.34958284705581616,0.4754910253542229,38.0
n_EH-L_pA_sus_f_C5.wav,0.43424090902340534,-68.1274271984003,0.42741531222356965,0,2,6,-37.0,-0.5108256237659907,-3200,-0.2645688832675481,-0.2924044820448457,-37.0
n_Vn-nonvib-C6-pp.wav,0.3923335629190463,-313.77780745474496,0.37511871598192853,1,4,3,-55.75,-0.7884573603642702,-9200,-0.437513704423033,-0.5103191343007444,-55.75
n_MA_ES_A-So_p_C5.wav,0.5574417413290154,59.76127909841669,0.557949477050588,3,1,4,38.0,0.5108256237659907,3300,0.23078588422016164,0.2328442345012049,38.0
n_Vib_ES_Ha_sp-0_p1_C6.wav,0.4833952942615188,-146.34467307374697,0.47268682535849316,2,2,4,0.5,0.0,-2800,-0.06644325612248408,-0.10936156495214938,0.5
n_Cb-harm_artificial-C4-mf.wav,0.6104091725718176,236.0364096722322,0.6271309545634882,4,1,3,56.75,0.7884573603642703,9600,0.4490324790773863,0.5199281043992883,56.75
n_Vc-pizz_lv-C5-mf.wav,0.4890049449223427,-67.92279825623751,0.4803284728661303,1,1,6,0.5,0.0,-1800,-0.043987311465763276,-0.07872674505986244,0.5
n_Bn-mul-F#4+_C#4-mf.wav,0.3120510943071375,-388.82170098089216,0.2759296079440069,0,5,3,-93.25,-1.466337068793427,-15400,-0.7905476319876766,-0.9647428247493478,-93.25
n_Vn-ord-C6-ff.wav,0.3958583878189485,-205.90615461643276,0.38463813292164095,1,4,3,-55.75,-0.7884573603642702,-8000,-0.4227520869271899,-0.469907518717575,-55.75
n_Cb-ord-C4-pp.wav,0.687352502779613,465.3341796294448,0.7276702914211174,5,0,3,94.25,1.466337068793427,14600,0.7877709161830239,0.9828345530971203,94.25
n_Fl-ord-C5-pp.wav,0.6057105506982998,238.3791000857542,0.6231801684658964,4,1,3,56.75,0.7884573603642703,8800,0.42931695037405576,0.503068499170828,56.75
n_ClBb-ord-C4-mf.wav,0.6490277032106915,416.5518934075138,0.6762067101122845,4,0,4,75.5,1.0986122886681098,11300,0.614768107963154,0.7363934954765521,75.5
n_Tbn-ord-C4-pp.wav,0.5881697855121727,307.71536498217364,0.6129710066063305,2,0,6,38.0,0.5108256237659907,8500,0.3564044934341869,0.4598180287215174,38.0
n_Vc-pizz_lv-C4-ff.wav,0.5630888204614759,136.7092556419328,0.5737205999105672,4,2,2,38.0,0.5108256237659907,5600,0.25370745455197824,0.2970475180399067,38.0
n_Vc-pont-C3-mf-3c.wav,0.38139047833370743,-303.04680793398194,0.3557230984300765,0,3,5,-55.75,-0.7884573603642702,-9400,-0.48365052460096475,-0.5939759902754378,-55.75
n_BTb-ord-C4-ff.wav,0.6139667036654618,235.25070270252286,0.6380018756847822,3,0,5,56.75,0.7884573603642703,7800,0.46401707244014784,0.566702192922595,56.75
n_Acc-ord-C7-pp.wav,0.35652657340162747,-333.50702841302007,0.33460031822669073,0,4,4,-74.5,-1.0986122886681098,-10300,-0.5904719543036756,-0.6874511457172606,-74.5
n_Fl-mul-C#6+_C5+_D#5_G5-mf.wav,0.3921341975470425,-201.58870130409298,0.3652945268810135,0,3,5,-55.75,-0.7884573603642702,-6900,-0.4383500160677666,-0.5524571182773275,-55.75
n_BTb-ord-C4-mf.wav,0.649334704667483,355.1119324880611,0.6840197547980211,4,0,4,75.5,1.0986122886681098,11500,0.6161161134698656,0.7723071020400054,75.5
n_PFL-L_LV_nA_sus_mf_C8.wav,0.2880812153807497,-485.04523969256945,0.23940347136828713,0,6,2,-112.0,-1.9459101490553135,-15400,-0.9047214001280447,-1.1559527381930528,-112.0
n_ASax-flatt-C5-mf.wav,0.3817980074680319,-303.5296394439639,0.3587611165772372,0,3,5,-55.75,-0.7884573603642702,-9300,-0.4819235603180932,-0.5807453069731286,-55.75
n_ASax-mul-E4_E4+_E5+-mf.wav,0.385159601882401,-265.22346009959546,0.3672608098028447,0,3,5,-55.75,-0.7884573603642702,-8500,-0.46770492014124126,-0.5439860663606793,-55.75
n_BTb-ord-C1-mf.wav,0.6054756847876229,239.2986984287698,0.6232096859783303,4,1,3,56.75,0.7884573603642703,9200,0.4283336310350766,0.503194200278471,56.75
n_Ob-mul-C5+_A#5_B4-f.wav,0.2845755799894486,-465.4705520934538,0.23653198427276542,0,6,2,-112.0,-1.9459101490553135,-15300,-0.9218770837077216,-1.1717877932919871,-112.0
n_Cb-ord-C3-pp.wav,0.6619217060727168,443.0342827995965,0.7016183838932607,4,0,4,75.5,1.0986122886681098,14500,0.6718697726733731,0.8550163853168425,75.5
n_AFL-L_oV_pA_sus_f_C4.wav,0.45766946524731195,-123.79243503426896,0.4474773527752917,1,2,5,-18.25,-0.25131442828090605,-4300,-0.16972842630859647,-0.2108684948928877,-18.25
n_AFL-L_oV_pA_sus_f_C5.wav,0.5705241425389348,125.06162184504208,0.5751758990878924,2,0,6,38.0,0.5108256237659907,4700,0.2839899575733234,0.303000702427626,38.0
n_Tbn-flatt-C3-ff.wav,0.5399688784589592,-80.38984117080764,0.5285357127509366,3,1,4,38.0,0.5108256237659907,100,0.1602173626954853,0.11426702046191628,38.0
n_BTb-ord-C1-pp.wav,0.6494009721811518,315.20352602029004,0.6793363171297391,4,0,4,75.5,1.0986122886681098,11000,0.6164071571364127,0.7507234603710161,75.5
n_MA_ES_A-So_p_C3.wav,0.7101817827894993,473.45837210861265,0.7518845738480008,6,0,2,113.0,1.9459101490553132,14700,0.896267080131853,1.1086887540260935,113.0
n_TpC-flatt-C5-pp.wav,0.5196358078383909,143.7142611595932,0.5378868533083823,3,3,2,0.5,0.0,3300,0.07858364678151829,0.15183846085183966,0.5
n_Vc-harm_artificial-C7-mf.wav,0.3414895903811541,-383.62168344283367,0.31704492426535347,0,4,4,-74.5,-1.0986122886681098,-13900,-0.6566631326357473,-0.7673856017330648,-74.5
n_Tbn-ord-C3-ff.wav,0.6105917391408182,277.1452915125813,0.633095004928439,4,1,3,56.75,0.7884573603642703,9600,0.44980024408373825,0.5455175521296849,56.75
n_Ob-mul-C6_G5+_D5_A#3-f.wav,0.372510219480154,-306.5568645038166,0.33783195995560356,0,3,5,-55.75,-0.7884573603642702,-11300,-0.5214629125598338,-0.6729707486875386,-55.75
n_Vn-pont-C4-mf.wav,0.34226478091419255,-453.9866026418906,0.3105807095868117,1,5,2,-74.5,-1.0986122886681098,-16600,-0.6532177970209474,-0.7974058332900317,-74.5
n_TpC-stacc-C6-mf.wav,0.4565278548762722,-143.35789010241984,0.44660647907968243,0,1,7,-18.25,-0.25131442828090605,-3500,-0.1743287378032089,-0.21439151264630824,-18.25
n_Vn-pont-C6-mf.wav,0.2339877176286389,-719.392193511569,0.1678200389385603,0,7,1,-130.75,-2.70805020110221,-23300,-1.185929578825788,-1.6011565083169281,-130.75
n_Vc-pizz_lv-C2-mf.wav,0.8031749668466667,1324.949428219809,0.9551946805092482,8,0,0,150.5,9.903437551286196,24600,1.4062574041660234,3.059588302636806,150.5
n_Cb-pizz_lv-C3-mf.wav,0.7287654461463295,740.3279804507747,0.8066921761496251,6,0,2,113.0,1.9459101490553132,18800,0.9883679739231191,1.4286582927433373,113.0
n_Tbn-ord-C5-pp.wav,0.6081571424357847,227.301865665562,0.628664854247635,3,0,5,56.75,0.7884573603642703,7100,0.43957242066675556,0.5264932789156281,56.75
n_ClBb-flatt-C5-pp.wav,0.39072651238602196,-220.68656870615283,0.37731415539981156,0,3,5,-55.75,-0.7884573603642702,-7500,-0.4442593850089623,-0.5009639854342525,-55.75
n_ClBb-ord-C4-pp.wav,0.6865662128127665,425.2292733799305,0.7253839263449808,5,0,3,94.25,1.466337068793427,14700,0.7841145377719156,0.9713270418530295,94.25
n_ASax-flatt-C4-mf.wav,0.38596888321125844,-344.23660361140855,0.36282186826884644,1,4,3,-55.75,-0.7884573603642702,-9700,-0.4642888528989834,-0.5631372653304634,-55.75
n_Vib_bow_sp-0_kurz_C5.wav,0.5810134441967493,232.66642361674883,0.6050498524755104,2,0,6,38.0,0.5108256237659907,6300,0.3269350633186969,0.42655130728468993,38.0
n_BTb-ord-C4-pp.wav,0.5376539112605501,113.61357106849344,0.5471830099956688,3,2,3,19.25,0.25131442828090617,2200,0.15090134507906167,0.18929526856237977,19.25
n_Vn-nonvib-C7-ff.wav,0.31813206078991463,-422.4964519574222,0.2802098351757092,0,5,3,-93.25,-1.466337068793427,-13500,-0.7623694194955329,-0.9434209979472243,-93.25
n_Vc-ord-C2-pp.wav,0.687924586343945,477.361760952941,0.7263813663295177,5,0,3,94.25,1.466337068793427,14600,0.7904343500149459,0.9763398859285662,94.25
n_BKL-L_pA_sus_f_C3.wav,0.6878540719109341,457.79659702561327,0.7316608882767689,5,0,3,94.25,1.466337068793427,14200,0.7901059139577353,1.0030656163474796,94.25
n_Acc-ord-C2-ff.wav,0.47838743807858625,41.428180602219165,0.4849653298640335,2,3,3,-18.25,-0.25131442828090605,-1300,-0.08650414966600084,-0.060156815484268704,-18.25
n_Tbn-stacc-C4-mf.wav,0.5763395270666455,234.26100367924292,0.5928866885181392,2,0,6,38.0,0.5108256237659907,5100,0.3077645806877579,0.3759117456983377,38.0
n_MA_ES_A-So_f_C2.wav,0.6017531620050246,183.84382178946163,0.6190852286407386,4,1,3,56.75,0.7884573603642703,7600,0.4127753223219187,0.4856672979499603,56.75
n_Cb-pizz_lv-C2-ff.wav,0.7564099447884581,754.1377418839852,0.8402550021181827,7,0,1,131.75,2.70805020110221,19200,1.133096773475944,1.6601266391148184,131.75
n_Fl-aeolian+ord-C7-ff.wav,0.45136323840025,-125.76330098801647,0.4374360464895351,0,1,7,-18.25,-0.25131442828090605,-4100,-0.19516416411200066,-0.2515743070855689,-18.25
n_Vib_bow_sp-0_kurz_C4.wav,0.6752044245537212,487.55587889229935,0.7052665964896674,6,1,1,94.25,1.466337068793427,15500,0.7318195104127876,0.8725046515529815,94.25
n_BTb-ord-C3-pp.wav,0.6921410182317619,480.10117891009054,0.7312361076739173,5,0,3,94.25,1.466337068793427,17400,0.8101478917027348,1.000903129830849,94.25
n_MA_ES_A-So_f_C7.wav,0.38995147221996895,-224.72530940010273,0.36635887483451773,0,3,5,-55.75,-0.7884573603642702,-7200,-0.4475162065644779,-0.5478693602080339,-55.75
n_BTb-ord-C2-mf.wav,0.6888279060028614,434.8944138093781,0.7290427489117359,5,0,3,94.25,1.466337068793427,15700,0.7946453501965479,0.9897713073969794,94.25
n_Va-ord-C5-ff.wav,0.46832926546397313,-68.49968268502927,0.4681269284386894,2,3,3,-18.25,-0.25131442828090605,-2200,-0.12685277046654203,-0.12766539982620273,-18.25
n_Gtr-pont-C5-mf-1c.wav,0.4732760688475833,16.106311775562954,0.47239402573954337,1,2,5,-18.25,-0.25131442828090605,-200,-0.10699768817800989,-0.11053630661542933,-18.25
n_Tbn-ord-C2-pp.wav,0.7205808339746489,503.2606381910924,0.769209874617664,6,0,2,113.0,1.9459101490553132,18300,0.9473445590905722,1.2038551017353216,113.0
n_Hp-ord-C6-pp.wav,0.45580421593819853,-126.96087361185961,0.4459404659833325,2,3,3,-18.25,-0.25131442828090605,-4600,-0.17724571297679237,-0.21708668432965944,-18.25
n_PFL-L_LV_nA_sus_f_C6.wav,0.40680998647718647,-283.08295726975103,0.37700990486096836,0,2,6,-37.0,-0.5108256237659907,-7700,-0.37716856246222,-0.5022591600641779,-37.0
n_AFL_flatter_p_C5.wav,0.4721958508902885,-28.333797828413772,0.477567141686704,1,2,5,-18.25,-0.25131442828090605,-1800,-0.11133144732902543,-0.08979171384801764,-18.25
n_BTb-play+sing_aug4th-C3-mf.wav,0.5887272197471157,86.30708919396571,0.589435217695504,4,1,3,56.75,0.7884573603642703,5200,0.3587062587505069,0.3616310906854356,56.75
n_ASax-mul-E4_F5+_G4-mf.wav,0.33474474397517945,-491.4532272584453,0.2867513611403879,0,4,4,-74.5,-1.0986122886681098,-13100,-0.6868025275488105,-0.9112145789456392,-74.5
n_BKL-L_pA_sus_f_C4.wav,0.6901594244203856,484.09525632972316,0.7443355715465528,5,0,3,94.25,1.466337068793427,13400,0.8008647279160072,1.0686262119299506,94.25
n_Vib_ES_So_sp-0_f1_C5.wav,0.5033364848000752,47.6888543483129,0.5044782644788253,2,2,4,0.5,0.0,300,0.013346137297248156,0.017913536930008616,0.5
n_Xyl_GA_f_C7.wav,0.5242415679119092,-20.195954778985236,0.5198019063446873,2,1,5,19.25,0.25131442828090617,600,0.0970423557565426,0.0792490757767362,19.25
n_Fl-mul-F#4_C5-mf.wav,0.3524534692361818,-226.80306416310896,0.345277673140367,1,6,1,-93.25,-1.466337068793427,-10600,-0.6082720418028223,-0.6398622742978417,-93.25
n_Vc-nonvib-C4-ff.wav,0.36946250023869087,-362.8677244460741,0.33283733367892726,0,3,5,-55.75,-0.7884573603642702,-11200,-0.5345233824775988,-0.6953800105442559,-55.75
n_TpC+H-ord-C6-mf.wav,0.3197268611731419,-419.5863879365444,0.28162507352718685,0,5,3,-93.25,-1.466337068793427,-12400,-0.7550273197947514,-0.9364149546415416,-93.25
n_Bn-flatt-C5-mf.wav,0.5020413413430861,24.95670430843799,0.5039402718712612,1,1,6,0.5,0.0,400,0.008165410740378999,0.015761413767315588,0.5
n_Cb-pizz_bartok-C4-ff.wav,0.44326935858469996,-27.998108158272096,0.4459147386650635,1,3,4,-37.0,-0.5108256237659907,-3800,-0.2279039166469097,-0.21719081139974517,-37.0
n_Tbn-brassy-C3-ff.wav,0.4814873862286774,29.64655332319932,0.4893450715570707,2,3,3,-18.25,-0.25131442828090605,-600,-0.07408432073163007,-0.04262616687614085,-18.25
n_Bn-flatt-C4-mf.wav,0.4536135776143644,-144.8829310340405,0.44300086121796,0,1,7,-18.25,-0.25131442828090605,-3700,-0.1860807737489893,-0.22899197965196214,-18.25
n_Vn-nonvib-C5-pp.wav,0.4654599311583916,-62.73295486503979,0.46509206060991876,1,2,5,-18.25,-0.25131442828090605,-2100,-0.13838067673088694,-0.13985929038464143,-18.25
n_Bn-flatt-C3-mf.wav,0.49618318252200344,-12.034641416501234,0.48953185370960667,1,1,6,0.5,0.0,-200,-0.015267566475753268,-0.04187870475143421,0.5
n_Hn-flatt-C5-ff.wav,0.5183937135561019,-29.977968057563324,0.5114104574571049,2,1,5,19.25,0.25131442828090617,-500,0.07360807117993161,0.04564975563796719,19.25
n_Vn-pizz_lv-C5-ff.wav,0.4795708410697402,55.723576503175074,0.4881488283484243,1,2,5,-18.25,-0.25131442828090605,-500,-0.08176215396483578,-0.04741356693456189,-18.25
n_Hn-ord-C3-mf.wav,0.690542983255677,505.2781489243681,0.7489308735903121,5,0,3,94.25,1.466337068793427,15000,0.8026590175600192,1.0929183824186495,94.25
n_ASax-mul-E4+_F5_C6-mf.wav,0.30524579266073487,-503.8475454772729,0.26242408561427194,0,5,3,-93.25,-1.466337068793427,-17000,-0.8224407948696121,-1.0334071751308105,-93.25
n_ClBb-mul-E4_A5+_D6+_G4-mf.wav,0.32267309468237776,-374.3443769363844,0.30091120521146847,0,5,3,-93.25,-1.466337068793427,-12800,-0.7415143098582242,-0.8429625434064613,-93.25
n_Fl-flatt-C7-pp.wav,0.3701088860754228,-271.2619945618846,0.36099161548667313,1,5,2,-74.5,-1.0986122886681098,-10400,-0.5317497203727602,-0.5710628433310937,-74.5
n_MA_ES_A-Ha_f_C6.wav,0.5402357524211598,95.73443076485671,0.5479767898327084,3,2,3,19.25,0.25131442828090617,4500,0.16129176999929523,0.19249940328966567,19.25
n_MA_ES_A-Ha_p_C4.wav,0.5576421938907153,26.181327030983553,0.5531403603380728,2,0,6,38.0,0.5108256237659907,2200,0.2315984564385302,0.21336724540632632,38.0
n_Xyl_GA_f_C5.wav,0.5609578000236625,79.02114279252223,0.5648016517964922,3,1,4,38.0,0.5108256237659907,3000,0.24505014395514133,0.26067271069734943,38.0
n_EH-L_pA_sus_f_C4.wav,0.4741460240891562,-38.228411565374586,0.4781042584163348,1,2,5,-18.25,-0.25131442828090605,-600,-0.1035082199088648,-0.08763901661747242,-18.25
n_TpC-ord-C5-ff.wav,0.319719029489819,-410.95533031146545,0.2860272755115651,0,5,3,-93.25,-1.466337068793427,-14000,-0.7550633275037795,-0.9147575854192356,-93.25
n_EH_Flatter_f_C4.wav,0.4471883602356608,-248.2748593472675,0.43024559699383175,2,3,3,-18.25,-0.25131442828090605,-6000,-0.21203743483884177,-0.28084919461779134,-18.25
n_Va-pizz_bartok-C5-ff.wav,0.40066751724178035,-180.83822451038634,0.39294844411454216,1,4,3,-55.75,-0.7884573603642702,-8200,-0.4026845578359601,-0.4349353052090479,-55.75
n_Bn-mul-A3_G#2_B2+_D4-mf.wav,0.32005462380374233,-414.9991864729815,0.2872834170506917,0,5,3,-93.25,-1.466337068793427,-13900,-0.7535207852074607,-0.9086145976779717,-93.25
n_Hn-brassy-C4-ff.wav,0.5213134584505654,122.7371629797356,0.5368379277228731,1,1,6,0.5,0.0,3800,0.0853055271128725,0.1476191974345256,0.5
n_Fl-ord-C4-pp.wav,0.5720267476530837,91.7537606889947,0.5855020333249568,2,0,6,38.0,0.5108256237659907,4700,0.2901250528053897,0.34540158675781113,38.0
n_Vc-pizz_lv-C5-ff.wav,0.4263968017766713,-167.2744287500475,0.41570953258089344,1,3,4,-37.0,-0.5108256237659907,-5700,-0.296567492673268,-0.34041145750491975,-37.0
n_Vn-harm_artificial-G7-mf.wav,0.20015022749705794,-1239.4092049909837,0.04603078556948524,0,8,0,-149.5,-9.903437551286196,-23800,-1.3853557035921604,-3.031320976787901,-149.5
n_Bn-ord-C3-mf.wav,0.6388253106026092,226.29239138202595,0.6639722184429725,4,0,4,75.5,1.0986122886681098,8800,0.5702692922270287,0.6810464691562355,75.5
n_Gsp_ME_p_C6.wav,0.31060302876954504,-505.24412224743617,0.26496861415456274,0,5,3,-93.25,-1.466337068793427,-14500,-0.7973015987139384,-1.020301818312271,-93.25
n_ASax-mul-E4+_C#5_A5+-mf.wav,0.4626113198499092,-49.92898947633307,0.46053254545843864,0,1,7,-18.25,-0.25131442828090605,-2500,-0.14983441229647568,-0.1581989302794741,-18.25
n_MA_ES_A-So_f_C6.wav,0.41193146059650715,-294.382537941015,0.3781236419944093,1,3,4,-37.0,-0.5108256237659907,-7800,-0.3559865269819306,-0.4975200542791433,-37.0
n_KFA-L_nA_sus_mf_C1.wav,0.6101610747888628,228.74350905014984,0.6309094642679965,3,0,5,56.75,0.7884573603642703,8100,0.44798933780986355,0.5361204042481911,56.75
n_Vn-pizz_lv-C4-ff.wav,0.6410198763391769,258.227108520239,0.6638137043224932,4,0,4,75.5,1.0986122886681098,9900,0.5797934436611265,0.6803360865981561,75.5
n_Vib_ES_So_sp-0_f1_C6.wav,0.5237773317906531,192.12334090566995,0.5438551043487252,1,1,6,0.5,0.0,4400,0.09518111947053223,0.17587234641511867,0.5
n_Vc-ord-C6-pp.wav,0.398967036275573,-150.9473265784242,0.3891367832995424,0,3,5,-55.75,-0.7884573603642702,-5700,-0.4097709835319785,-0.450942156357549,-55.75
n_Hp-harm_fingering-C5-p.wav,0.5286979639292139,2.472291178566575,0.5257417549376009,2,1,5,19.25,0.25131442828090617,1800,0.11491815810833074,0.10305813784176217,19.25
n_TpC+C-ord-C5-mf.wav,0.39518163738774614,-267.46488994028624,0.3697302386340755,1,4,3,-55.75,-0.7884573603642702,-7200,-0.42558268517209286,-0.5333742654276514,-55.75
n_Va-pizz_lv-C6-ff.wav,0.4548448073029388,-146.57547096030234,0.44664287342720876,2,3,3,-18.25,-0.25131442828090605,-4300,-0.18111423345162908,-0.21424425717687293,-18.25
n_ClBb-ord_C7-pp.wav,0.3123723029510803,-455.4743765900755,0.267011387618005,0,5,3,-93.25,-1.466337068793427,-14400,-0.7890517983473413,-1.009838858388861,-93.25
n_Hn-ord-C4-mf.wav,0.594446351518768,213.8594786576317,0.6028062071352117,4,1,3,56.75,0.7884573603642703,6400,0.382377303856883,0.41717145905092756,56.75
n_Vib_ES_Ha_sp-0_f1_C4.wav,0.3877189611507396,-240.44375867134193,0.3695105826233411,0,3,5,-55.75,-0.7884573603642702,-7800,-0.4569106406712183,-0.5343169904042517,-55.75
n_KFA-L_nA_sus_p_C3.wav,0.5714234248049369,196.5301374403631,0.5853899700859218,2,0,6,38.0,0.5108256237659907,3500,0.2876610571034853,0.3449398491798023,38.0
n_Bn-ord-C2-mf.wav,0.6796971574899233,499.3826161785284,0.7215864712837959,5,0,3,94.25,1.466337068793427,12300,0.75238041123711,0.9523446985455764,94.25
n_KFA-L_nA_sus_mf_C3.wav,0.5806257569318052,190.76524865466953,0.6000850348884378,2,0,6,38.0,0.5108256237659907,6000,0.3253427103974305,0.4058194327011755,38.0
n_Fl-mul-G5_F4_C#6-mf.wav,0.3649710512450141,-280.72755184089385,0.34700084491227307,1,5,2,-74.5,-1.0986122886681098,-11100,-0.5538525476644323,-0.6322486205327926,-74.5
n_Tbn+H-ord-C3-mf.wav,0.6659482053862268,268.1484692979274,0.6882498731954305,6,1,1,94.25,1.466337068793427,14300,0.68991584317787,0.7919499684697934,94.25
n_KFA-L_nA_sus_mf_C2.wav,0.7415115865967652,527.002984765797,0.8054086092978675,7,0,1,131.75,2.70805020110221,15200,1.0538399168256951,1.4204478100516373,131.75
n_Bn-ord-C4-mf.wav,0.5571827721321498,205.2431929128557,0.5840963818260517,1,0,7,19.25,0.25131442828090617,5800,0.22973621604978015,0.3396124602486242,19.25
n_Fl-flatt-C6-ff.wav,0.4255997928171626,-152.6488266915065,0.41654983987554645,1,3,4,-37.0,-0.5108256237659907,-5500,-0.29982692720276766,-0.33695291468173094,-37.0
n_Cb-pizz_bartok-C2-ff.wav,0.49525507405438773,-25.544283143179257,0.4892212123418709,1,1,6,0.5,0.0,-600,-0.018980273566793045,-0.04312183144985928,0.5
n_Cb-nonvib-C2-pp.wav,0.7545067637028245,783.6336742347748,0.8442257644624196,7,0,1,131.75,2.70805020110221,18300,1.1227948465205435,1.6900122013248269,131.75
n_Hp-ord-C1-ff.wav,0.35603683394543906,-292.2311318881985,0.3308652490604956,0,4,4,-74.5,-1.0986122886681098,-10200,-0.5926073372625205,-0.7042742713278305,-74.5
n_ClBb-ord-C5-ff.wav,0.5095471261536363,76.74499286331225,0.5201080645443099,0,0,8,0.5,0.0,1800,0.03819314668502384,0.0804756623279392,0.5
n_KFA_Flatter_f_C1.wav,0.6007232333880991,204.45201573385614,0.6126405722006019,4,1,3,56.75,0.7884573603642703,7500,0.40847949121644983,0.4584254057118769,56.75
n_Fl-flatt-C4-ff.wav,0.5024852696489942,29.658691553762086,0.5059820317959666,1,1,6,0.5,0.0,400,0.009941160466151023,0.023929268963205384,0.5
n_ClBb-mul-G5+_A#3_D5-mf.wav,0.3646926495035502,-178.03819533057896,0.3485358204633834,0,4,4,-74.5,-1.0986122886681098,-8500,-0.5550539556249142,-0.6254814039231059,-74.5
n_ClBb-flatt-C4-pp.wav,0.59668809631103,91.8175092604463,0.6029765370593134,3,0,5,56.75,0.7884573603642703,5500,0.3916843079653236,0.4178829060736791,56.75
n_MA_ES_A-So_p_C2.wav,0.6725736408846764,398.0781904474967,0.6954047776736162,6,1,1,94.25,1.466337068793427,15300,0.7198484365273012,0.8255103346827014,94.25
n_Fl-ord-C4-ff.wav,0.5761033404504059,215.90828444149457,0.5905483250156659,3,1,4,38.0,0.5108256237659907,6700,0.30679735705971145,0.3662325832182024,38.0
n_KFA-L_nA_sus_p_C1.wav,0.6445273644935953,273.95156839481876,0.6702497787974492,4,0,4,75.5,1.0986122886681098,10900,0.5950690083478601,0.7093149846699436,75.5
n_BKL-L_pA_sus_f_C2.wav,0.7647544378106125,794.4580504229938,0.8442007146060765,7,0,1,131.75,2.70805020110221,21200,1.1789248719147802,1.689821733099538,131.75
n_EH-L_pA_sus_mf_C4.wav,0.5523542062834035,33.715500557550634,0.5482812460878376,3,1,4,38.0,0.5108256237659907,1600,0.21018723786975416,0.19372861777093298,38.0
n_Acc-ord-C7-ff.wav,0.19901033796133863,-1233.3004863522824,0.07148307331785182,0,8,0,-149.5,-9.903437551286196,-23900,-1.3924912677366708,-2.564127925903415,-149.5
n_KFA-L_nA_sus_ff_C1.wav,0.641271281659089,274.64602444753825,0.660788327469067,4,0,4,75.5,1.0986122886681098,9500,0.5808861400903154,0.6668092425407474,75.5
n_Gtr-ord-C4-pp.wav,0.5376718413118564,68.15329699797532,0.5467464194660165,2,1,5,19.25,0.25131442828090617,2700,0.15097347454464657,0.18753336148379862,19.25
n_Tbn+C-ord-C3-mf.wav,0.565670562534461,98.87269275049337,0.5696873744630655,3,1,4,38.0,0.5108256237659907,4800,0.26420854510529873,0.28057576385463545,38.0
n_BTb-ord-C1-ff.wav,0.5290365662056459,46.25610949788746,0.5257880164686602,3,2,3,19.25,0.25131442828090617,2400,0.11627709698499043,0.10324367663049662,19.25
n_ClBb-mul-C#4+_B5+_F#5_E6-mf.wav,0.35870992695372483,-273.1907115604642,0.3365712955015749,0,4,4,-74.5,-1.0986122886681098,-9400,-0.5809678276488298,-0.6786113939942194,-74.5
n_Hn-flatt-C3-pp.wav,0.5821381093978891,260.89489365019494,0.6086875082248091,3,1,4,38.0,0.5108256237659907,7400,0.33155674828005965,0.441798560746775,38.0
n_Vc-nonvib-C5-pp.wav,0.45858464958049167,-50.92236479012487,0.4477300680181093,1,2,5,-18.25,-0.25131442828090605,-3400,-0.16604183245873547,-0.20984640988809458,-18.25
n_Acc-ord-C6-ff.wav,0.3497816201549444,-359.0993326503939,0.3268640961352279,0,4,4,-74.5,-1.0986122886681098,-11900,-0.6199992581211908,-0.7224027702909526,-74.5
n_Vib_ES_So_sp-0_p1_C6.wav,0.5966823248096218,159.10850648583732,0.605257652173948,4,1,3,56.75,0.7884573603642703,6500,0.39166032519299526,0.4274209706485789,56.75
n_BKL-L_pA_sus_pp_C3.wav,0.602004001363037,222.59015689022837,0.6157636270926462,4,1,3,56.75,0.7884573603642703,7900,0.413822140511258,0.47160524998306713,56.75
n_BTb-ord-C3-mf.wav,0.6926495083183289,526.5562050357736,0.7412264182097786,5,0,3,94.25,1.466337068793427,15200,0.8125353481508759,1.0523526584805518,94.25
n_AFL_flatter_p_C4.wav,0.45748845703172647,-127.7790090899202,0.44955391051001997,0,1,7,-18.25,-0.25131442828090605,-3300,-0.17045770868359233,-0.2024732401715552,-18.25
n_Vc-ord-C3-mf.wav,0.6788409149029418,390.0877973017391,0.7069342487894831,5,0,3,94.25,1.466337068793427,14000,0.74845021431932,0.8805406705705698,94.25
n_Vc-ord-C5-ff.wav,0.46861298770666343,-66.97607848900854,0.4694215141525053,1,2,5,-18.25,-0.25131442828090605,-1600,-0.12571335081378554,-0.1224667783733255,-18.25
n_Fl-flatt-C5-mf.wav,0.49508400796076824,-12.648556165617848,0.4881430887096824,0,0,8,0.5,0.0,200,-0.019664601818587733,-0.04743653840117528,0.5
n_TpC-ord-C4-mf.wav,0.5799700840521503,210.1138334774434,0.6000458274215413,3,1,4,38.0,0.5108256237659907,7200,0.3226505858017311,0.40565605934466803,38.0
n_Tbn-ord-C2-ff.wav,0.5362786682313613,104.52919420874854,0.5390438812786529,3,2,3,19.25,0.25131442828090617,4000,0.14537013566239823,0.1564941286753756,19.25
n_Vib_ES_So_sp-0_f1_C4.wav,0.6547777368050647,391.42830404384836,0.6918079084901427,4,0,4,75.5,1.0986122886681098,12900,0.6401073941848411,0.8085850658924261,75.5
n_Vn-pizz_bartok-C5-ff.wav,0.36885621664160717,-233.24149994077902,0.35971072214676164,1,5,2,-74.5,-1.0986122886681098,-10200,-0.5371267911381145,-0.5766199120408887,-74.5
n_Hp-ord-C1-pp.wav,0.3981728023475571,-223.23674184338364,0.38486581876780845,1,4,3,-55.75,-0.7884573603642702,-7800,-0.4130842692043139,-0.4689456740152639,-55.75
n_Fl-aeolian+ord-C7-mf.wav,0.3050889306397621,-551.2238811218318,0.25408620651742536,0,5,3,-93.25,-1.466337068793427,-16600,-0.8231805696469449,-1.0769364300173052,-93.25
n_Fl-ord-C5-mf.wav,0.5387149133326411,76.9169813225442,0.5454522679388945,1,0,7,19.25,0.25131442828090617,3100,0.15517025211527588,0.18231237081799778,19.25
n_ASax-ord-C4-pp.wav,0.6348571168938283,243.33228156164176,0.6541063207505695,5,1,2,75.5,1.0986122886681098,11200,0.5531112232612477,0.6371384657695153,75.5
n_Fl-flatt-C7-mf.wav,0.4548497413088753,-133.26533386686867,0.4457450204182763,1,2,5,-18.25,-0.25131442828090605,-4800,-0.1810943351557971,-0.21787774737891136,-18.25
n_TpC-ord-C6-ff.wav,0.43507242344255925,-112.40152648590269,0.43150096880372746,1,3,4,-37.0,-0.5108256237659907,-3600,-0.26118503194291137,-0.27572985332810285,-37.0
n_Vc-nonvib-C4-pp.wav,0.5901600096438367,266.2244475762418,0.6190827478888692,2,0,6,38.0,0.5108256237659907,7900,0.36462688681689037,0.4856567782215667,38.0
n_Fl-ord-C7-ff.wav,0.43432725726897076,-128.79711256822688,0.42694779661395466,1,3,4,-37.0,-0.5108256237659907,-4400,-0.2642174189752692,-0.2943150683693434,-37.0
n_Cb-nonvib-C4-ff.wav,0.47383720520981304,28.170200120243845,0.4818711721319607,0,1,7,-18.25,-0.25131442828090605,-800,-0.10474684687405734,-0.07254711319508902,-18.25
n_Tbn-ord-C5-ff.wav,0.5426597813887054,130.96029054405005,0.5529052918415749,3,2,3,19.25,0.25131442828090617,4100,0.17105499517833206,0.21241627711661656,19.25
n_Hn-brassy-C2-ff.wav,0.5596685826161457,68.03587278490406,0.5638385868922514,3,1,4,38.0,0.5108256237659907,3100,0.23981712706922156,0.256755628696653,38.0
n_BKL_stac_mf1_C3.wav,0.6041140316021362,273.529947538665,0.6244723122170901,4,1,3,56.75,0.7884573603642703,8300,0.4226367629635426,0.5085747884021372,56.75
n_Tbn+H-ord-C2-mf.wav,0.6903998144344855,446.690594051144,0.736593157838773,5,0,3,94.25,1.466337068793427,15400,0.8019891299022589,1.0283359498392832,94.25
n_TpC+C-ord-C6-mf.wav,0.2384859346906682,-682.4668932618629,0.16830262860514542,0,7,1,-130.75,-2.70805020110221,-21500,-1.1609983081495672,-1.597704918705163,-130.75
n_Tbn-ord-C4-mf.wav,0.5564401739351985,249.3616094411428,0.5844427297884234,2,1,5,19.25,0.25131442828090617,6700,0.226726972826648,0.3410383553277068,19.25
n_Hn-ord-C2-pp.wav,0.7282637628408004,622.8668333641675,0.7914115933124755,6,0,2,113.0,1.9459101490553132,18400,0.985831414681726,1.3334552137020468,113.0
n_Xyl_HO_p_C8.wav,0.2801781724306653,-559.0097816686132,0.2389287946781818,0,6,2,-112.0,-1.9459101490553135,-18600,-0.9435779887705324,-1.1585613442567921,-112.0
n_TpC-stacc-C5-mf.wav,0.507837134983599,81.29258633207422,0.5209996236465552,1,1,6,0.5,0.0,900,0.03135110757795345,0.08404793626847759,0.5
n_ClBb-flatt-C4-ff.wav,0.38952603265894925,-209.19703014329133,0.36511024669750675,0,3,5,-55.75,-0.7884573603642702,-6400,-0.44930495193134884,-0.553252013250623,-55.75
n_Hn-brassy-C5-ff.wav,0.346670927199621,-411.4348395209769,0.31493753080984377,0,4,4,-74.5,-1.0986122886681098,-12700,-0.6337049489205863,-0.7771357257329201,-74.5
n_Fl-ord-C4-mf.wav,0.6601448577143697,450.3327412975648,0.7074652360702935,4,0,4,75.5,1.0986122886681098,12700,0.6639398176002282,0.8831049813623433,75.5
n_AFL-L_oV_pA_sus_p_C4.wav,0.645536638358305,366.0945042546121,0.6711955185698173,5,1,2,75.5,1.0986122886681098,14300,0.5994769799111125,0.7135971856443057,75.5
n_Cb-pizz_lv-C4-mf.wav,0.5593090271868104,81.33678327700108,0.5648074785261615,3,1,4,38.0,0.5108256237659907,3500,0.23835825395666405,0.2606964158272841,38.0
n_Xyl_GA_p_C5.wav,0.5735826250326738,124.63347169747759,0.5933487823785005,3,1,4,38.0,0.5108256237659907,5600,0.2964833776712788,0.37782653311337394,38.0
n_Hp-harm_fingering-C4-p.wav,0.5893391530100293,314.7791450871074,0.6229572991435676,2,0,6,38.0,0.5108256237659907,7200,0.36123414546345334,0.5021195298326953,38.0
n_ClBb-mul-D3_C4-mf.wav,0.2906022070311474,-463.3018750965966,0.24641466039178683,0,6,2,-112.0,-1.9459101490553135,-14200,-0.8924610853646674,-1.1178265410294688,-112.0
n_BTb-play+sing_5th-C3-mf.wav,0.49563362747832784,-58.74550560761227,0.48925988529946773,1,1,6,0.5,0.0,-400,-0.017465934084629577,-0.042967067954121425,0.5
n_PFL-L_LV_nA_sus_f_C7.wav,0.3504405789797407,-352.75991670330177,0.3190863125092421,0,4,4,-74.5,-1.0986122886681098,-9700,-0.6171031593074182,-0.7579739160279998,-74.5
n_Va-harm_artificial-C5-mf.wav,0.38840270639151814,-283.6361694286081,0.3726985180029346,0,3,5,-55.75,-0.7884573603642702,-8700,-0.4540313444993255,-0.5206574275045424,-55.75
n_Acc-ord-C4-mf.wav,0.5042071083812611,12.80861567160338,0.5101428318921826,1,1,6,0.5,0.0,800,0.01682883068758299,0.040576894087249224,0.5
n_BKL_stac_mf1_C2.wav,0.6642541109231569,476.75057552527295,0.697122955104229,4,0,4,75.5,1.0986122886681098,14700,0.6823101821120559,0.833634870648003,75.5
n_Ob-ord-C5-ff.wav,0.45989116599732,-95.34486224948154,0.4553700915694037,1,2,5,-18.25,-0.25131442828090605,-3200,-0.160780797868401,-0.1789960204981527,-18.25
n_KFA_Flatter_f_C3.wav,0.4628386861523027,-83.14665727682198,0.4577837732802458,2,3,3,-18.25,-0.25131442828090605,-2900,-0.14891986428584345,-0.16926790227770078,-18.25
n_ASax-ord-C5-mf.wav,0.353463285467917,-324.5744610967328,0.3268637723665305,0,4,4,-74.5,-1.0986122886681098,-10700,-0.6038503664052409,-0.722404241806971,-74.5
n_ClBb-ord_C7-ff.wav,0.27552612269128585,-650.3722812894451,0.20766743068607493,0,6,2,-112.0,-1.9459101490553135,-16400,-0.9667632616420205,-1.3390433052477375,-112.0
n_Cb-ord-C2-pp.wav,0.7624265759411821,755.2320107813568,0.8299072109012907,7,0,1,131.75,2.70805020110221,22600,1.1660294803690556,1.584969794073012,131.75
n_Bn-ord-C5-pp.wav,0.543921690659467,134.05442827588183,0.5582780460408264,1,0,7,19.25,0.25131442828090617,3400,0.17614075972013232,0.23417650797813228,19.25
n_Cb-nonvib-C5-ff.wav,0.5320032109892433,11.403695322318214,0.5390883419735478,1,0,7,19.25,0.25131442828090617,1100,0.12818809021151345,0.15667306379030743,19.25
n_Vc-pizz_bartok-C5-ff-1c.wav,0.3630898658710479,-257.2518557328413,0.34389152714769605,1,5,2,-74.5,-1.0986122886681098,-10300,-0.5619782008903687,-0.6459998506442161,-74.5
n_Gsp_ME_f_C8.wav,0.277684609938683,-623.9071062826386,0.23109808566586323,0,6,2,-112.0,-1.9459101490553135,-18300,-0.9559758988121219,-1.2021211780687628,-112.0
n_Va-pizz_lv-C4-ff.wav,0.6126800911012922,351.077254171008,0.6369572880340542,4,1,3,56.75,0.7884573603642703,9900,0.4585919359555129,0.5621821104111775,56.75
n_Gtr-ord-C4-ff.wav,0.6513008689166924,371.4885650699682,0.6862826642162893,4,0,4,75.5,1.0986122886681098,11500,0.6247622378742786,0.7827972138500008,75.5
n_PFL_FLatter_f_C7.wav,0.29681155268490755,-640.0666104159294,0.2344648193753286,0,5,3,-93.25,-1.466337068793427,-18900,-0.8625274828269857,-1.1832696191028622,-93.25
n_MA_ES_A-Ha_f_C4.wav,0.6314057866808208,368.53897591395514,0.6654513208427718,3,0,5,56.75,0.7884573603642703,12500,0.538252394890559,0.6876830913138248,56.75
n_Fl-ord-C6-pp.wav,0.540260018232855,138.11891011887545,0.5496410079013002,1,0,7,19.25,0.25131442828090617,2900,0.16138946627586956,0.1992203272678318,19.25
n_Gsp_ME_p_C8.wav,0.23249897102923656,-760.105221485593,0.16176800804573002,0,7,1,-130.75,-2.70805020110221,-23800,-1.194254020802058,-1.6451316424401903,-130.75
n_Vn-ord-C7-ff.wav,0.2966482077738819,-622.7966740067087,0.24594658449935797,0,5,3,-93.25,-1.466337068793427,-16900,-0.8633102311935148,-1.1203488321643509,-93.25
n_Vc-nonvib-C5-ff.wav,0.41673683842755993,-181.4008009224306,0.3960979922895928,0,2,6,-37.0,-0.5108256237659907,-6500,-0.3361835368916132,-0.4217503099633852,-37.0
n_Vc-ord-C6-mf.wav,0.31904228424964487,-342.4838754265572,0.2906076515464593,0,5,3,-93.25,-1.466337068793427,-13000,-0.7581765663053298,-0.8924346753841683,-93.25
n_Vn-nonvib-C6-ff.wav,0.3165996464417861,-465.08654781612404,0.2773969800824829,0,5,3,-93.25,-1.466337068793427,-13400,-0.769442826321285,-0.9574103766302389,-93.25
n_Va-harm_artificial-C7-mf.wav,0.32257364671090305,-337.89207367817426,0.29164492821960336,0,5,3,-93.25,-1.466337068793427,-13200,-0.7419693711533669,-0.8874084186984489,-93.25
n_BTb-play+sing_5th-C4-mf.wav,0.5075131826973202,77.60845104053087,0.5193198280844659,1,1,6,0.5,0.0,900,0.03005499298105284,0.07731780675857741,0.5
n_Vc-ord-C6-ff.wav,0.42155826732433693,-184.06811636748972,0.40409048999358005,0,2,6,-37.0,-0.5108256237659907,-5900,-0.3163798142652851,-0.3884499886770455,-37.0
n_Gsp_ME_f_C6.wav,0.42554097412654157,-173.4300834004436,0.4062403948547511,0,2,6,-37.0,-0.5108256237659907,-4700,-0.30006753357940136,-0.3795294423747604,-37.0
n_Tbn-flatt-C4-ff.wav,0.4842754998853441,-66.27497479042725,0.4649625422443814,0,0,8,0.5,0.0,-2400,-0.06291874897740866,-0.14037991091206445,0.5
n_Va-nonvib-C6-pp.wav,0.2870781542282662,-551.0261861406279,0.24211503746545557,0,6,2,-112.0,-1.9459101490553135,-14700,-0.9096173081099609,-1.1411186350229414,-112.0
n_EH-L_pA_sus_mf_C5.wav,0.434402116189749,-102.9159164939069,0.43293051319709003,1,3,4,-37.0,-0.5108256237659907,-4200,-0.2639127329488275,-0.2699046103798174,-37.0
n_Vc-harm_artificial-C6-mf.wav,0.3525054883387733,-310.22918729128065,0.3234475368050877,0,4,4,-74.5,-1.0986122886681098,-10600,-0.6080441254523906,-0.7379730684400577,-74.5
n_Va-pont-C4-mf.wav,0.4506212454425618,-177.74410859280763,0.4380299158977277,0,1,7,-18.25,-0.25131442828090605,-4400,-0.19816092653473558,-0.24916140816172283,-18.25
n_Vc-pizz_lv-C4-mf.wav,0.6193262860367197,371.78985401215084,0.6531128343900668,3,0,5,56.75,0.7884573603642703,9200,0.48668963738330717,0.63275035229418,56.75
n_ClBb-flatt-C6-pp.wav,0.4323701283561661,-149.24820444259802,0.43004094749645344,1,3,4,-37.0,-0.5108256237659907,-5500,-0.2721875718642168,-0.2816840896452989,-37.0
n_Vn-pizz_lv-C5-pp.wav,0.44031138050024243,-78.42773672705088,0.4423996892962437,1,3,4,-37.0,-0.5108256237659907,-4000,-0.2398984328980387,-0.23142866876858292,-37.0
n_Hn-ord-C3-ff.wav,0.5827722835955099,202.84305558184602,0.6012351853458461,2,0,6,38.0,0.5108256237659907,6900,0.334164360618138,0.41061437521238003,38.0
n_TpC-flatt-C5-ff.wav,0.3139280757331352,-425.83018218181644,0.28002031495788904,0,5,3,-93.25,-1.466337068793427,-14200,-0.7818185666043121,-0.9443608424343441,-93.25
n_Vib_ES_Ha_sp-0_f1_C5.wav,0.2936321407105155,-448.7890613810717,0.2568220820389207,0,6,2,-112.0,-1.9459101490553135,-14100,-0.8778083871138528,-1.0625519175827958,-112.0
n_Hp-ord-C3-pp.wav,0.7243533028937253,586.5516237049011,0.7832305313916906,6,0,2,113.0,1.9459101490553132,17200,0.9661592980180137,1.2845926411406565,113.0
n_Vc-pizz_lv-C3-ff.wav,0.6543540734812247,364.1381230843787,0.6950317808039183,4,0,4,75.5,1.0986122886681098,11600,0.6382336843816537,0.8237500004735587,75.5
n_Bn-ord-C2-ff.wav,0.5850115015805102,231.64153905200894,0.608796897680778,3,1,4,38.0,0.5108256237659907,7600,0.3433807026651616,0.44225784234768617,38.0
n_Cb-pont-C4-mf-1c.wav,0.45581632287473073,-110.21872042230838,0.4434567759930966,0,1,7,-18.25,-0.25131442828090605,-2700,-0.17719690398710036,-0.22714450299120803,-18.25
n_AFL-L_oV_pA_sus_mf_C6.wav,0.457339954521117,-180.22097833259005,0.4453271316031824,2,3,3,-18.25,-0.25131442828090605,-4100,-0.17105605928517933,-0.21956937436366017,-18.25
n_Bn-ord-C2-pp.wav,0.5868614758938182,277.0347075381064,0.6075023080527064,3,1,4,38.0,0.5108256237659907,8400,0.3510058592446974,0.43682531765508814,38.0
n_Acc-ord-C6-pp.wav,0.32590609945801174,-312.8522884309316,0.30208073731602886,0,5,3,-93.25,-1.466337068793427,-12100,-0.7267601181166649,-0.837409102813542,-93.25
n_TpC-stacc-C4-mf.wav,0.576120455470311,156.06871434829026,0.5907117003319196,2,0,6,38.0,0.5108256237659907,6200,0.3068674411333847,0.36690828479843485,38.0
n_BKL-L_pA_sus_mf_C3.wav,0.6848364721688965,508.4925765578916,0.7421119273961385,5,0,3,94.25,1.466337068793427,12100,0.7760884429087919,1.0569744136640986,94.25
n_Fl-aeolian+ord-C5-pp.wav,0.6400583198362598,264.26032320622323,0.6624234663119578,4,0,4,75.5,1.0986122886681098,9300,0.5756172781646204,0.6741127775511057,75.5
n_TpC+C-ord-C4-mf.wav,0.4239142722468796,-215.2677470735768,0.4098769188633589,2,4,2,-37.0,-0.5108256237659907,-8200,-0.30672523583388933,-0.3644742105035903,-37.0
n_Va-pizz_bartok-C4-ff.wav,0.5322709863967113,59.237482242511184,0.5341469498173911,2,1,5,19.25,0.25131442828090617,2000,0.12926363512905048,0.13680074658834562,19.25
n_Vn-nonvib-C4-pp.wav,0.5411421723451066,103.55098994552083,0.5535319169325704,2,1,5,19.25,0.25131442828090617,3400,0.1649416213752969,0.21495149905121244,19.25
n_MA_ES_A-Ha_p_C2.wav,0.6493246608814273,343.6595036508687,0.6774880577752014,4,0,4,75.5,1.0986122886681098,11100,0.6160720038626263,0.7422517599937863,75.5
n_Ob-flatt-C4-mf.wav,0.56587058519095,110.45175411596959,0.5746350487824382,3,1,4,38.0,0.5108256237659907,5200,0.26502272353207496,0.3007876323295862,38.0
n_Fl-aeolian+ord-C4-ff.wav,0.5897478681982813,184.39031651779996,0.5964022080683276,4,1,3,56.75,0.7884573603642703,6200,0.3629231772217417,0.39049646767951485,56.75
n_Hn-flatt-C4-pp.wav,0.6136201898468776,214.41505300254772,0.633769308867377,3,0,5,56.75,0.7884573603642703,8700,0.4625553036175676,0.5484215835975926,56.75
n_Cb-nonvib-C3-pp.wav,0.6812102339103024,450.46002515979256,0.7132836757554478,6,1,1,94.25,1.466337068793427,16200,0.7593391269809265,0.911385893810935,94.25
n_Vn-pizz_lv-C6-pp.wav,0.3542481032931932,-309.97598301755824,0.3261791154464051,0,4,4,-74.5,-1.0986122886681098,-9400,-0.6004178447781766,-0.7255176613062038,-74.5
n_Ob-ord-C6-pp.wav,0.5836426268477972,292.28813216725706,0.6198439964499334,2,0,6,38.0,0.5108256237659907,5500,0.3377448936380394,0.4888861236169241,38.0
n_Gtr-ord-C3-pp.wav,0.7227931306023915,635.3603116470259,0.7836098518213652,6,0,2,113.0,1.9459101490553132,17700,0.9583590064170469,1.2868282385453262,113.0
n_KFA-L_nA_sus_ff_C3.wav,0.5189884197013153,158.43878511194148,0.5407965123665927,0,0,8,0.5,0.0,2900,0.07599022492173475,0.16354963568468736,0.5
n_Acc-ord-C5-ff.wav,0.3960527516071267,-224.2236683386162,0.3854604603732039,1,4,3,-55.75,-0.7884573603642702,-8500,-0.4219394435110428,-0.4664346507069452,-55.75
n_EH-L_pA_sus_pp_C5.wav,0.48593331336742424,-119.07559198416999,0.47407318774709145,0,0,8,0.5,0.0,-2700,-0.05628159837764513,-0.10380034854756516,0.5
n_PFL-L_LV_nA_sus_mf_C7.wav,0.3772592502149489,-287.9532282122245,0.35306964172845184,0,3,5,-55.75,-0.7884573603642702,-10200,-0.5011976827478152,-0.6055733279716479,-55.75
n_Va-harm_artificial-C6-mf.wav,0.34734411101313956,-326.86242959567556,0.3240410450423898,0,4,4,-74.5,-1.0986122886681098,-13000,-0.6307340580349136,-0.7352621666828414,-74.5
n_Fl-flatt-C6-mf.wav,0.4347336499945197,-95.68456534394934,0.4270393296349296,0,2,6,-37.0,-0.5108256237659907,-3400,-0.26256349130975154,-0.29394096039228435,-37.0
n_MA_ES_A-Ha_p_C7.wav,0.5401851089100341,129.1567120141157,0.5473117448818323,2,1,5,19.25,0.25131442828090617,3400,0.16108787727537585,0.18981484756533964,19.25
n_Vc-pizz_lv-C2-ff.wav,0.68838016498287,445.2849336607429,0.7244623403840085,5,0,3,94.25,1.466337068793427,16800,0.7925572833543938,0.9667054654915982,94.25
